n,p_removed,T,binder,binder_err,n_realizations
24,0.0,3.8,0.6665019545377784,3.209657082533529e-06,4
24,0.0,3.828,0.666493220966059,3.483038964786885e-06,4
24,0.0,3.856,0.6664647504049633,5.025808740520783e-06,4
24,0.0,3.884,0.6664435622192425,5.006018489761985e-06,4
24,0.0,3.912,0.6664244322745512,4.7921981156006155e-06,4
24,0.0,3.94,0.6663982660272123,6.069296134414979e-06,4
24,0.0,3.968,0.6663685719642224,6.799663983463919e-06,4
24,0.0,3.996,0.6663348920435356,7.605782398979094e-06,4
24,0.0,4.024,0.6662794556583829,9.071969501843929e-06,4
24,0.0,4.052,0.6662073206750341,2.0301716523685485e-05,4
24,0.0,4.08,0.6661703274850758,2.2473277464970453e-05,4
24,0.0,4.108,0.6660798105003378,1.769478608164924e-05,4
24,0.0,4.136,0.6660425460796189,1.7534544047483186e-05,4
24,0.0,4.164,0.6658694504314031,3.35898604979611e-05,4
24,0.0,4.192,0.6657423242287293,3.742025694975643e-05,4
24,0.0,4.22,0.6655578738343492,3.568306416609595e-05,4
24,0.0,4.248,0.6652644920666038,2.486721104322196e-05,4
24,0.0,4.276,0.6648348751024735,9.67764969777687e-05,4
24,0.0,4.304,0.6643387219901538,0.0001044155098405275,4
24,0.0,4.332,0.6635130135169022,0.00011353459694620137,4
24,0.0,4.36,0.6621844114337813,0.00039669509603690745,4
24,0.0,4.388,0.6609081403476882,0.0002411722881517423,4
24,0.0,4.416,0.6589960682611706,0.0004882768618307828,4
24,0.0,4.444,0.6463494871154593,0.003435494300336269,4
24,0.0,4.472,0.5978440085321939,0.02813508844449832,4
24,0.0,4.5,0.5492313636629063,0.02937597241307232,4
24,0.0,4.528,0.2973896028885108,0.09580964047512047,4
24,0.0,4.556,0.3087806608498451,0.052018098549060636,4
24,0.0,4.584,0.16051676909967427,0.05211943980190645,4
24,0.0,4.612,0.20259452310766013,0.061161858818940186,4
24,0.0,4.64,0.10205796397374961,0.07984624702694598,4
24,0.0,4.668,0.05432978477933645,0.06365440896023206,4
24,0.0,4.696,0.08182087055579437,0.024111310360410834,4
24,0.0,4.724,-0.01849415013740696,0.059485095106106174,4
24,0.0,4.752,-0.055859823289428234,0.08257322263685732,4
24,0.0,4.78,0.07320538121173217,0.04299669246157217,4
24,0.0,4.808,-0.10943101625224702,0.08104543344035446,4
24,0.0,4.836,0.04395088573556394,0.038037712850083324,4
24,0.0,4.864,0.03787841686887938,0.02734729403986482,4
24,0.0,4.892,0.013939476807763057,0.01224088441197927,4
24,0.0,4.92,0.02786731630914771,0.0321425369475685,4
24,0.0,4.948,0.060678709517348745,0.03393039548676923,4
24,0.0,4.976,0.042719803155139846,0.05378751189980877,4
24,0.0,5.004,-0.008070704681386653,0.026306216113746363,4
24,0.0,5.032,0.007880352862939921,0.0868794980268303,4
24,0.0,5.06,0.059934522797598505,0.04985148191704944,4
24,0.0,5.088,0.03679432905327845,0.0165554737541256,4
24,0.0,5.116,-0.09866176689281314,0.06470983099164779,4
24,0.0,5.144,-0.0037746703717257413,0.05632181655322986,4
24,0.0,5.172,-0.0021819867764645007,0.07457243411702438,4
24,0.0,5.2,0.02220790968180958,0.07333037878221718,4
28,0.0,3.8,0.6665627805628038,3.563005665667533e-06,4
28,0.0,3.828,0.6665505300987579,1.9425775091006634e-06,4
28,0.0,3.856,0.6665397085408942,1.920588891990424e-06,4
28,0.0,3.884,0.6665330938380095,4.5470599683898e-06,4
28,0.0,3.912,0.6665092656838114,4.7714087974432475e-06,4
28,0.0,3.94,0.6664968665406619,5.735078594441145e-06,4
28,0.0,3.968,0.6664722192385524,3.512229596478902e-06,4
28,0.0,3.996,0.6664555084220516,5.513813535196369e-06,4
28,0.0,4.024,0.6664207149044684,1.1843242652657372e-06,4
28,0.0,4.052,0.666380548117583,2.3395177716550046e-06,4
28,0.0,4.08,0.6663580742945889,8.885922333370314e-06,4
28,0.0,4.108,0.6662857552491368,1.2081178684604033e-05,4
28,0.0,4.136,0.6662394000127456,1.1245236626179502e-05,4
28,0.0,4.164,0.6661569623053253,1.42711164289342e-05,4
28,0.0,4.192,0.6660565624651904,2.3314367825574148e-05,4
28,0.0,4.22,0.6659012247856584,4.773895066376593e-05,4
28,0.0,4.248,0.6657592100264264,6.594706476948722e-05,4
28,0.0,4.276,0.6655336337860356,6.42288779313194e-05,4
28,0.0,4.304,0.6651210067539142,0.00010075362733082713,4
28,0.0,4.332,0.6648350792539928,4.780810689197816e-05,4
28,0.0,4.36,0.6641079939039286,6.59297533062037e-05,4
28,0.0,4.388,0.662743908304105,0.00018674396690666109,4
28,0.0,4.416,0.6605183366376617,0.0011354806122111142,4
28,0.0,4.444,0.6554109996938269,0.0011116145013684588,4
28,0.0,4.472,0.6339159713271699,0.0016692507264757532,4
28,0.0,4.5,0.5629806054982532,0.02628777033977386,4
28,0.0,4.528,0.37446781430839193,0.04800382026205253,4
28,0.0,4.556,0.1846845884796307,0.09327604068278676,4
28,0.0,4.584,0.18452592254221428,0.05050117406758083,4
28,0.0,4.612,0.16146950567944804,0.06661184556787872,4
28,0.0,4.64,-0.031059250681038264,0.05307208358066722,4
28,0.0,4.668,0.11877829125002326,0.022531516448986152,4
28,0.0,4.696,-0.02248283407882845,0.015279099266684176,4
28,0.0,4.724,0.05192865518253062,0.03589095479738838,4
28,0.0,4.752,0.04192376862003394,0.019895545629188997,4
28,0.0,4.78,0.1066891427739331,0.03982386313208558,4
28,0.0,4.808,0.05968705658344836,0.03834483804282731,4
28,0.0,4.836,0.06803556343431216,0.05908458795739213,4
28,0.0,4.864,0.06013452981698128,0.03562768273004437,4
28,0.0,4.892,0.1851385798244311,0.06678255557558282,4
28,0.0,4.92,-0.07558303178652612,0.12108085907486384,4
28,0.0,4.948,0.08504389719965116,0.09007205943257768,4
28,0.0,4.976,0.028865022723004924,0.04604022534749807,4
28,0.0,5.004,0.014072152068225902,0.06434040441072705,4
28,0.0,5.032,-0.06910281738569465,0.04724912294908252,4
28,0.0,5.06,0.05875060118008835,0.09333827746101414,4
28,0.0,5.088,-0.07255902594535049,0.08374016886571835,4
28,0.0,5.116,0.18342305196530337,0.04243405088293554,4
28,0.0,5.144,0.219804525742711,0.02615833006058073,4
28,0.0,5.172,0.14103206991871658,0.11715298596496548,4
28,0.0,5.2,-0.05976752976426658,0.11344354458265297,4
32,0.0,3.8,0.6665951741703088,1.7325282393185502e-06,4
32,0.0,3.828,0.6665901003585323,5.900152672002817e-07,4
32,0.0,3.856,0.6665816760825605,4.882353137159609e-07,4
32,0.0,3.884,0.6312064248360346,0.03536974368927292,4
32,0.0,3.912,0.6665650069377601,3.4895229745885163e-06,4
32,0.0,3.94,0.6665497205719005,1.4700998340725434e-06,4
32,0.0,3.968,0.6665325895855201,1.9336854288977426e-06,4
32,0.0,3.996,0.6665246164340556,4.0999212247596406e-06,4
32,0.0,4.024,0.6665039470376386,3.807408500521031e-06,4
32,0.0,4.052,0.6664843146527197,4.550987228408394e-06,4
32,0.0,4.08,0.656152844669146,0.010294181438816922,4
32,0.0,4.108,0.6664307280968013,4.6746210330419684e-06,4
32,0.0,4.136,0.6663883004256078,1.2036717851168998e-05,4
32,0.0,4.164,0.6663603190875513,1.1522124345329707e-05,4
32,0.0,4.192,0.6662646913943624,1.4899709095345119e-05,4
32,0.0,4.22,0.6661569140398347,1.3175569685192205e-05,4
32,0.0,4.248,0.6661098809736463,1.5527931728069432e-05,4
32,0.0,4.276,0.665928627854886,3.214945274948986e-05,4
32,0.0,4.304,0.6657240072401108,3.057679616203045e-05,4
32,0.0,4.332,0.6653052803451819,5.736084028824122e-05,4
32,0.0,4.36,0.6647443963365666,0.0001053701859010147,4
32,0.0,4.388,0.6639937938719024,0.0002636887919724723,4
32,0.0,4.416,0.6622475996580067,0.00036171932267093314,4
32,0.0,4.444,0.6594585969391873,0.0005431475935878245,4
32,0.0,4.472,0.6394644329476205,0.005777120163966666,4
32,0.0,4.5,0.5514234491719555,0.03749649285323182,4
32,0.0,4.528,0.2951861677925974,0.07784180296936778,4
32,0.0,4.556,0.16944141518775285,0.08580656096350574,4
32,0.0,4.584,0.1422467669278954,0.08219612348127651,4
32,0.0,4.612,0.07451227221156068,0.05275776402621541,4
32,0.0,4.64,0.06996694471989495,0.027693915080982776,4
32,0.0,4.668,0.07531020926697976,0.07015571167362608,4
32,0.0,4.696,0.16749233585432502,0.007459467912265362,4
32,0.0,4.724,0.02419800625663543,0.08262598457923571,4
32,0.0,4.752,0.015084558793744263,0.06089087802521394,4
32,0.0,4.78,0.0983745698387315,0.046869493656224614,4
32,0.0,4.808,0.06045228025991278,0.025166892141096277,4
32,0.0,4.836,0.022973818685754294,0.05083209105220335,4
32,0.0,4.864,0.1231961307693672,0.09650672382817109,4
32,0.0,4.892,0.1678541357251036,0.049782448911288135,4
32,0.0,4.92,0.029873450279577884,0.13900931854781598,4
32,0.0,4.948,0.3219881701345726,0.02765257410236339,4
32,0.0,4.976,0.11884737848606444,0.11005361993261603,4
32,0.0,5.004,0.00865324926424843,0.1284578804567202,4
32,0.0,5.032,-0.18433513784446962,0.08452124353252909,4
32,0.0,5.06,-0.34518884448599857,0.05482442865416704,4
32,0.0,5.088,-0.2202330257248023,0.07412897855708304,4
32,0.0,5.116,-0.5043861574110079,0.10138693174504912,4
32,0.0,5.144,-0.1168033306756498,0.3831512208718847,4
32,0.0,5.172,-0.7542385229586054,0.09213984093950983,4
32,0.0,5.2,0.010830423199391037,0.5711820362584029,4
24,0.1,3.5,0.6663892871347582,4.179463862834151e-06,12
24,0.1,3.526,0.6662298819035531,0.00011821693809953738,12
24,0.1,3.552,0.6663091056291562,7.817730855888538e-06,12
24,0.1,3.578,0.6662709868674473,5.712629628452064e-06,12
24,0.1,3.604,0.666217213760841,6.602630626294697e-06,12
24,0.1,3.63,0.6661399963829889,1.312304524204232e-05,12
24,0.1,3.656,0.6660560124019753,1.1945387821056375e-05,12
24,0.1,3.682,0.6659579481972557,1.808184632180282e-05,12
24,0.1,3.708,0.6658108633303226,1.962316580523309e-05,12
24,0.1,3.734,0.6657173151021586,1.733158496970764e-05,12
24,0.1,3.76,0.6654186959641469,2.417557810767231e-05,12
24,0.1,3.786,0.6651825223319469,5.3661939296616046e-05,12
24,0.1,3.812,0.664793645607353,4.37648597525549e-05,12
24,0.1,3.838,0.664315956032867,6.852660981621617e-05,12
24,0.1,3.864,0.6636377848239828,8.900369285091996e-05,12
24,0.1,3.89,0.6623221085079708,0.0001549043538528351,12
24,0.1,3.916,0.660853987007396,0.00024696249822024114,12
24,0.1,3.942,0.6561610808199279,0.0007141713655662334,12
24,0.1,3.968,0.6488050710937289,0.001267007372172415,12
24,0.1,3.994,0.6229333129390927,0.006217341533052188,12
24,0.1,4.02,0.5130432035597204,0.030131904687485472,12
24,0.1,4.046,0.3985052446132193,0.025119310751906713,12
24,0.1,4.072,0.28778752055903584,0.023000369405883875,12
24,0.1,4.098,0.1792805180609601,0.0404916910035592,12
24,0.1,4.124,0.07035447393351398,0.052525971864059134,12
24,0.1,4.15,0.1253786350212758,0.04396796057179285,12
24,0.1,4.176,0.15156782939684557,0.039383169591482456,12
24,0.1,4.202,0.07456921530490807,0.0275487957745616,12
24,0.1,4.228,0.035934842633135365,0.0448802015822111,12
24,0.1,4.254,0.05943771968922094,0.026098539736127177,12
24,0.1,4.28,0.04533023943271374,0.027870559155326106,12
24,0.1,4.306,0.025878702579601492,0.02284740112441186,12
24,0.1,4.332,-0.014844210574252578,0.03427996262846037,12
24,0.1,4.358,0.03722573171438972,0.021049709937922906,12
24,0.1,4.384,0.007753976180291944,0.03226989798982134,12
24,0.1,4.41,0.014641464138729429,0.026867747607652266,12
24,0.1,4.436,0.06412699110465937,0.024484885042184504,12
24,0.1,4.462,0.05749924900873216,0.020807030048438906,12
24,0.1,4.488,-0.010690632341296061,0.024012276161108608,12
24,0.1,4.514,0.014795517790038756,0.018934507631441617,12
24,0.1,4.54,-0.026605753551366917,0.036582376162773864,12
24,0.1,4.566,-0.007990666992563669,0.03955495820369301,12
24,0.1,4.592,0.042816425013556335,0.03788556872961846,12
24,0.1,4.618,-0.009519380883125048,0.04795246428607858,12
24,0.1,4.644,-0.01880182532195827,0.02618473604159264,12
24,0.1,4.67,0.018827541363112005,0.033036898783306366,12
24,0.1,4.696,0.02063112639254186,0.04658522169841616,12
24,0.1,4.722,0.07917654301270517,0.03515940049082089,12
24,0.1,4.748,0.06150300044425478,0.03973205442766182,12
24,0.1,4.774,0.062006899965224765,0.03860703564409112,12
24,0.1,4.8,-0.016100709224688,0.05755968407985294,12
28,0.1,3.5,0.6664903409229059,2.366085233446835e-06,12
28,0.1,3.526,0.6664671568917192,3.1416021763611935e-06,12
28,0.1,3.552,0.6385734965234338,0.02786952426178701,12
28,0.1,3.578,0.6664223351461273,2.996289617552537e-06,12
28,0.1,3.604,0.6663806535327023,4.370849454993845e-06,12
28,0.1,3.63,0.6663342340450239,5.831647291971881e-06,12
28,0.1,3.656,0.6662897393814016,5.275890250763623e-06,12
28,0.1,3.682,0.6662087945137344,7.778906186661395e-06,12
28,0.1,3.708,0.6661429759694998,1.0064829424058946e-05,12
28,0.1,3.734,0.666033377056058,1.2613006312549913e-05,12
28,0.1,3.76,0.6659353778800725,1.5152078549201308e-05,12
28,0.1,3.786,0.6657432662583744,1.8808037535116522e-05,12
28,0.1,3.812,0.665508270384533,2.8881781995816107e-05,12
28,0.1,3.838,0.6651533934897441,2.807708922907083e-05,12
28,0.1,3.864,0.6646722912164597,9.528650528738624e-05,12
28,0.1,3.89,0.6640362014074405,4.74945279295519e-05,12
28,0.1,3.916,0.6623046633779025,0.00021753178292451897,12
28,0.1,3.942,0.6601217757107855,0.0002840794570373999,12
28,0.1,3.968,0.6550819917505946,0.0009339450309670219,12
28,0.1,3.994,0.6346964491288618,0.002297525894806926,12
28,0.1,4.02,0.4994230034300144,0.05598783700560952,12
28,0.1,4.046,0.3315085031762677,0.040265105006493565,12
28,0.1,4.072,0.2003210405140722,0.0378672608377742,12
28,0.1,4.098,0.1599085188621295,0.03765559197241828,12
28,0.1,4.124,0.0920346043484072,0.03697971836466179,12
28,0.1,4.15,0.025933296753905127,0.03165122655392167,12
28,0.1,4.176,0.06729175596607928,0.044405453156893045,12
28,0.1,4.202,0.05181016618106208,0.04089169659006232,12
28,0.1,4.228,0.06583140157953517,0.030909446111689182,12
28,0.1,4.254,0.01013213227605203,0.042684536885613675,12
28,0.1,4.28,0.03326266197236857,0.026929415265056704,12
28,0.1,4.306,-0.010090735292546033,0.035088803804124734,12
28,0.1,4.332,0.09354752590403505,0.01833267669401011,12
28,0.1,4.358,0.0250097436744592,0.044921076684251174,12
28,0.1,4.384,-0.0004034386022713314,0.0258178081606191,12
28,0.1,4.41,0.035739848528446035,0.041054959295918576,12
28,0.1,4.436,-0.0543082896839712,0.041432777558051574,12
28,0.1,4.462,0.024728244337987693,0.049184877965786904,12
28,0.1,4.488,-0.007256437540053108,0.030162203744148332,12
28,0.1,4.514,0.047168173944911705,0.05128456483509133,12
28,0.1,4.54,0.08218571067059251,0.07342548584408962,12
28,0.1,4.566,0.058231799413296766,0.05948279332144703,12
28,0.1,4.592,0.0504765725304214,0.07337947128174414,12
28,0.1,4.618,0.06457805574566002,0.04701023479145877,12
28,0.1,4.644,0.06511343508834676,0.03707075317790973,12
28,0.1,4.67,-0.027043176183183203,0.06734690705147993,12
28,0.1,4.696,-0.057060630052979865,0.034465335468871434,12
28,0.1,4.722,-0.08746617176769726,0.03876923632019582,12
28,0.1,4.748,-0.2781956415084162,0.05669947312136832,12
28,0.1,4.774,-0.4324055346247279,0.05760868288692627,12
28,0.1,4.8,-0.37781946729126453,0.13618310088870786,12
32,0.1,3.5,0.5780018530068868,0.08854417702082978,12
32,0.1,3.526,0.6559881659949514,0.010545860208803094,12
32,0.1,3.552,0.6468633102138326,0.019649268488054965,12
32,0.1,3.578,0.6664938912522048,1.9472368094673426e-06,12
32,0.1,3.604,0.666474941304648,3.7574284391596993e-06,12
32,0.1,3.63,0.6664407252789571,5.793490712819313e-06,12
32,0.1,3.656,0.5745931470615291,0.09182002278583906,12
32,0.1,3.682,0.6663696270390794,5.019841281406508e-06,12
32,0.1,3.708,0.6663038113181844,5.228835268242995e-06,12
32,0.1,3.734,0.6662467831577125,9.344157649152902e-06,12
32,0.1,3.76,0.666140612601661,1.285069871150938e-05,12
32,0.1,3.786,0.6660193447056072,2.1088620125639335e-05,12
32,0.1,3.812,0.6658879932790546,2.3930677722258026e-05,12
32,0.1,3.838,0.665653391269811,3.372494246563545e-05,12
32,0.1,3.864,0.665286318239056,5.593402589822901e-05,12
32,0.1,3.89,0.6647318782984054,5.805984318343683e-05,12
32,0.1,3.916,0.6638477933683163,9.51303730031527e-05,12
32,0.1,3.942,0.6622368019446035,0.0002116039143978418,12
32,0.1,3.968,0.6578385646903547,0.0009784611286165314,12
32,0.1,3.994,0.6449913374922963,0.0024182202511022818,12
32,0.1,4.02,0.5720631079155305,0.017297354496165804,12
32,0.1,4.046,0.3993171918595399,0.027036053894174506,12
32,0.1,4.072,0.2111432597314182,0.04945012007105402,12
32,0.1,4.098,0.14038897672194056,0.03538265744572522,12
32,0.1,4.124,0.14841782795791028,0.04602894552214441,12
32,0.1,4.15,0.03524296319508018,0.044521491864312035,12
32,0.1,4.176,0.03548662870670646,0.06900508900952833,12
32,0.1,4.202,0.03899462430375337,0.03526970871494843,12
32,0.1,4.228,0.05361005767061274,0.021310464425967436,12
32,0.1,4.254,0.03389884063127732,0.019883655932284975,12
32,0.1,4.28,0.0014726647440252056,0.0473511387034778,12
32,0.1,4.306,0.0030207901843036975,0.041827195989021085,12
32,0.1,4.332,0.051613281963239,0.042379876562762625,12
32,0.1,4.358,0.03013033393456188,0.0594424684900366,12
32,0.1,4.384,0.060953628532271105,0.04104498934373461,12
32,0.1,4.41,0.035710941806830064,0.06110504188330107,12
32,0.1,4.436,0.08702253166196387,0.07887340676542845,12
32,0.1,4.462,0.0719777313624262,0.054408015092787206,12
32,0.1,4.488,-0.11523554042498757,0.07528557238773671,12
32,0.1,4.514,-0.24776854714211197,0.0677114859409402,12
32,0.1,4.54,-0.1565823779373198,0.1194153058701462,12
32,0.1,4.566,-0.3161334501870507,0.12760374138545108,12
32,0.1,4.592,-0.3252396682864671,0.12971163386798684,12
32,0.1,4.618,0.1369839137014416,0.2665877633249119,12
32,0.1,4.644,0.2524769442744508,0.2692227119142097,12
32,0.1,4.67,0.42016469580707705,0.24962312759070057,12
32,0.1,4.696,0.4120530466641503,0.25102253634680566,12
32,0.1,4.722,0.8476502488480836,0.15234975115191648,12
32,0.1,4.748,1.0,0.0,12
32,0.1,4.774,0.8490674481350472,0.15093255186495277,12
32,0.1,4.8,1.0,0.0,12
24,0.2,3.0,0.6664346218868297,2.8967300159968175e-06,12
24,0.2,3.026,0.6664088918667418,2.399810797088942e-06,12
24,0.2,3.052,0.6663750144830364,4.674696483219572e-06,12
24,0.2,3.078,0.6663428249166446,5.230255753912556e-06,12
24,0.2,3.104,0.6662976417090518,5.734094077292897e-06,12
24,0.2,3.13,0.6662258027102617,5.937151906056878e-06,12
24,0.2,3.156,0.6661816909989285,8.139941464179166e-06,12
24,0.2,3.182,0.6660988189901018,9.083255308847842e-06,12
24,0.2,3.208,0.665998330346941,1.4285194950109178e-05,12
24,0.2,3.234,0.6658382738841141,2.159223545981595e-05,12
24,0.2,3.26,0.665744114366395,2.072422846745502e-05,12
24,0.2,3.286,0.6655483055171596,1.786733558843811e-05,12
24,0.2,3.312,0.6652592165048928,3.248356850860868e-05,12
24,0.2,3.338,0.6648408660270876,6.0625127455585016e-05,12
24,0.2,3.364,0.6642772407548517,6.363886233429035e-05,12
24,0.2,3.39,0.6632199463753068,0.00014409867487262981,12
24,0.2,3.416,0.6619286796823507,0.0002604618723829204,12
24,0.2,3.442,0.6596859795684071,0.0005030157872994743,12
24,0.2,3.468,0.6533564144324603,0.0011945351971672778,12
24,0.2,3.494,0.6385017624706019,0.002175542840997674,12
24,0.2,3.52,0.5847882493625812,0.01579398105796425,12
24,0.2,3.546,0.4329582484976202,0.03712331119535062,12
24,0.2,3.572,0.39601667804304874,0.03198188410165746,12
24,0.2,3.598,0.20036495034126414,0.033265977996525795,12
24,0.2,3.624,0.16475507866463646,0.0455909286399928,12
24,0.2,3.65,0.12162615275555033,0.030902958216364674,12
24,0.2,3.676,0.08140743124345161,0.0512166625605524,12
24,0.2,3.702,0.08683028153857957,0.03392785499079323,12
24,0.2,3.728,0.010440320453023816,0.0267388089049017,12
24,0.2,3.754,0.034204188386769085,0.02835855906517844,12
24,0.2,3.78,0.06809033519779774,0.01620094802124198,12
24,0.2,3.806,0.06088394491771654,0.026217770691591983,12
24,0.2,3.832,0.014292111746255646,0.028988883425177397,12
24,0.2,3.858,0.01524247778470906,0.0275349329403637,12
24,0.2,3.884,0.07109659243282321,0.016584214637272176,12
24,0.2,3.91,0.011140771703571297,0.037441292557149626,12
24,0.2,3.936,0.049436362370677896,0.027427017660657485,12
24,0.2,3.962,0.019373807020165057,0.028246309976416684,12
24,0.2,3.988,0.019380987976031678,0.025798605021244567,12
24,0.2,4.014,0.015291125736723976,0.028792829919563008,12
24,0.2,4.04,0.022952222395515243,0.03693655502984747,12
24,0.2,4.066,0.0058655956950644334,0.03742566641403446,12
24,0.2,4.092,0.02845852583617084,0.04037942602770507,12
24,0.2,4.118,-0.017750213628305218,0.024592638689820083,12
24,0.2,4.144,-0.018048617405617595,0.036213972523236646,12
24,0.2,4.17,-0.018130229873556558,0.048038527579472384,12
24,0.2,4.196,-0.04166029516901917,0.041430005754706,12
24,0.2,4.222,-0.03272928994794677,0.0374215442443263,12
24,0.2,4.248,-0.059743788432161556,0.054629743511769836,12
24,0.2,4.274,-0.008042540536944106,0.0813496172193444,12
24,0.2,4.3,-0.02760263487363236,0.0667637169238272,12
28,0.2,3.0,0.6665213310646142,3.069136453078002e-06,12
28,0.2,3.026,0.6665068189145447,2.2408253125964155e-06,12
28,0.2,3.052,0.6664801961531013,3.536183263730553e-06,12
28,0.2,3.078,0.666461178558491,4.6450469753501815e-06,12
28,0.2,3.104,0.6664257862775111,4.633989737272334e-06,12
28,0.2,3.13,0.650145785238335,0.016253047364370176,12
28,0.2,3.156,0.6663579705957356,5.098445131558671e-06,12
28,0.2,3.182,0.6663002803855662,7.595564777057265e-06,12
28,0.2,3.208,0.6662468780193206,7.049935082132837e-06,12
28,0.2,3.234,0.6661215815073064,1.512748049939004e-05,12
28,0.2,3.26,0.66608031518777,1.918001611243853e-05,12
28,0.2,3.286,0.6659294441985398,2.547818842336451e-05,12
28,0.2,3.312,0.6657293974039217,3.1629969842024166e-05,12
28,0.2,3.338,0.6654721283196838,3.278242033876701e-05,12
28,0.2,3.364,0.665217702733106,4.535784963192976e-05,12
28,0.2,3.39,0.6645529938831268,6.748973520294539e-05,12
28,0.2,3.416,0.6636858401648987,0.00012950028599047203,12
28,0.2,3.442,0.6617549556499561,0.0002614082349028311,12
28,0.2,3.468,0.6591443637354947,0.0002247807881763862,12
28,0.2,3.494,0.650347488084105,0.0011975602943284601,12
28,0.2,3.52,0.6072487827449439,0.01738532634689067,12
28,0.2,3.546,0.4819766160676562,0.03321713121664464,12
28,0.2,3.572,0.32829615939575296,0.042197449817015634,12
28,0.2,3.598,0.262727023217596,0.04202160354702057,12
28,0.2,3.624,0.15802178579284643,0.026918531164751205,12
28,0.2,3.65,0.09777319748639018,0.03370976133449166,12
28,0.2,3.676,0.17134289444395753,0.024752119238977754,12
28,0.2,3.702,0.06818887011096651,0.02795304789069056,12
28,0.2,3.728,0.05477263744303549,0.037276968259312475,12
28,0.2,3.754,0.0825175416164498,0.03152356603688067,12
28,0.2,3.78,0.05371245029638456,0.03067664136647589,12
28,0.2,3.806,-0.0018522616147988076,0.04664900729119341,12
28,0.2,3.832,0.01863133251262773,0.036944929958028894,12
28,0.2,3.858,0.03955025769976773,0.029858360889882644,12
28,0.2,3.884,-0.02806821044496774,0.03588392967051736,12
28,0.2,3.91,0.06743423649823692,0.030364862539949543,12
28,0.2,3.936,0.027510407721105985,0.05012105842176494,12
28,0.2,3.962,-0.03962658586490192,0.04610543671609102,12
28,0.2,3.988,-0.06810786227791013,0.06285347782536697,12
28,0.2,4.014,0.029160944401509913,0.05514795363687738,12
28,0.2,4.04,0.06202879192257188,0.06962816880104054,12
28,0.2,4.066,0.08482970101725619,0.05379116859261227,12
28,0.2,4.092,0.128719945114843,0.029714846995898752,12
28,0.2,4.118,0.04164593974699734,0.043013540751926656,12
28,0.2,4.144,0.07493986075844382,0.04034283928448061,12
28,0.2,4.17,-0.1822746119815776,0.04806470077767551,12
28,0.2,4.196,-0.1964612092856409,0.06726158281245581,12
28,0.2,4.222,-0.4550624614075707,0.03779334915170577,12
28,0.2,4.248,-0.46296415920447603,0.08205063901913189,12
28,0.2,4.274,-0.4670638386808665,0.0571213381963247,12
28,0.2,4.3,-0.6666987448326248,0.07521779281026808,12
32,0.2,3.0,0.6665702719491038,1.9988977546195383e-06,12
32,0.2,3.026,0.6665558431181908,1.452298334214443e-06,12
32,0.2,3.052,0.6665443469342256,2.658662993192491e-06,12
32,0.2,3.078,0.6665269551067711,1.554742220395635e-06,12
32,0.2,3.104,0.6665108404830998,2.8645560819512933e-06,12
32,0.2,3.13,0.6664880930288527,3.215210056227511e-06,12
32,0.2,3.156,0.666457833889876,3.498424902800503e-06,12
32,0.2,3.182,0.6664290748130243,4.352641570806702e-06,12
32,0.2,3.208,0.6566619661375744,0.009717540948324156,12
32,0.2,3.234,0.6663409999763822,8.009370832087418e-06,12
32,0.2,3.26,0.6662493849995814,1.4253293283822186e-05,12
32,0.2,3.286,0.6661972820741263,1.1606388633612097e-05,12
32,0.2,3.312,0.6660560704167314,1.603533855538875e-05,12
32,0.2,3.338,0.6658923526038637,1.983292012041235e-05,12
32,0.2,3.364,0.6656571797327734,2.8258414010869027e-05,12
32,0.2,3.39,0.6653817340063092,3.870339710456481e-05,12
32,0.2,3.416,0.6647399423939199,6.76194209426386e-05,12
32,0.2,3.442,0.663567603964114,0.00018933729588879218,12
32,0.2,3.468,0.6604309697900249,0.0008058031132577491,12
32,0.2,3.494,0.6531730491423822,0.0011273269165084593,12
32,0.2,3.52,0.6197381214949864,0.008554563368226568,12
32,0.2,3.546,0.46990958998408483,0.04726966170154014,12
32,0.2,3.572,0.40503130897764855,0.032351194718344085,12
32,0.2,3.598,0.16976408522018036,0.040679548209695354,12
32,0.2,3.624,0.12111417662679931,0.043092557253170606,12
32,0.2,3.65,0.10002060514226208,0.04890042455406001,12
32,0.2,3.676,-0.03359184697910985,0.06154279670104266,12
32,0.2,3.702,0.08890386626322262,0.027057264971711795,12
32,0.2,3.728,0.08019423054193588,0.04214247223727698,12
32,0.2,3.754,-0.06047749065552215,0.053966157101571224,12
32,0.2,3.78,0.04921116655099838,0.039315760558060124,12
32,0.2,3.806,0.039175930975492955,0.03729148335949921,12
32,0.2,3.832,0.08141462245629351,0.06388098863661484,12
32,0.2,3.858,0.02055777098616417,0.04805055584300603,12
32,0.2,3.884,0.028714445284311996,0.07070077124168657,12
32,0.2,3.91,0.05996069495397927,0.06801802822159919,12
32,0.2,3.936,-0.0862072536879633,0.07472594132161983,12
32,0.2,3.962,0.05483281820123923,0.05358439322802477,12
32,0.2,3.988,-0.20452919789256688,0.08281501564903632,12
32,0.2,4.014,-0.20584418185609418,0.036168199849821746,12
32,0.2,4.04,-0.4315145858421441,0.14724729282049165,12
32,0.2,4.066,-0.557859842387669,0.1087772099954321,12
32,0.2,4.092,0.028798977827841077,0.2501300124553818,12
32,0.2,4.118,0.286438857115857,0.2553713859053061,12
32,0.2,4.144,0.35250700895772474,0.2776753009977517,12
32,0.2,4.17,0.34336765539861197,0.28018099967966603,12
32,0.2,4.196,1.0,0.0,12
32,0.2,4.222,1.0,0.0,12
32,0.2,4.248,1.0,0.0,12
32,0.2,4.274,1.0,0.0,12
32,0.2,4.3,1.0,0.0,12
24,0.3,2.4,0.6333465614558732,0.033196189377890435,12
24,0.3,2.428,0.6665296532114197,2.23856967801776e-06,12
24,0.3,2.456,0.6665089932867113,2.6483141959227573e-06,12
24,0.3,2.484,0.6207356841431485,0.04575497819112004,12
24,0.3,2.512,0.6664705989997605,3.001439878905452e-06,12
24,0.3,2.54,0.666444188947176,2.888126179573135e-06,12
24,0.3,2.568,0.6664008346984006,3.3953248287871094e-06,12
24,0.3,2.596,0.6663728298111616,4.554952888515531e-06,12
24,0.3,2.624,0.6663290312923468,5.704944858231708e-06,12
24,0.3,2.652,0.6662801219982325,4.9121170339086286e-06,12
24,0.3,2.68,0.6662025541759503,1.1452445522373776e-05,12
24,0.3,2.708,0.6661102400946168,1.0087818063329864e-05,12
24,0.3,2.736,0.6660097229504464,1.542997511847548e-05,12
24,0.3,2.764,0.6658766624801803,2.6239461293645484e-05,12
24,0.3,2.792,0.6656913700333884,1.856798929737288e-05,12
24,0.3,2.82,0.6654713016959213,4.251800234490206e-05,12
24,0.3,2.848,0.665025560059158,4.730185242219212e-05,12
24,0.3,2.876,0.6644985532316439,9.177405183942044e-05,12
24,0.3,2.904,0.6637996233655166,8.15638202319185e-05,12
24,0.3,2.932,0.6619298021312398,0.00037895680930448433,12
24,0.3,2.96,0.6596986431620663,0.00027029154431717665,12
24,0.3,2.988,0.6535440132726525,0.0010234360685025192,12
24,0.3,3.016,0.6291596840364175,0.0056704759445599905,12
24,0.3,3.044,0.5410689564853813,0.01783651696033304,12
24,0.3,3.072,0.3561685131582642,0.05050728727391472,12
24,0.3,3.1,0.2535573893638553,0.03754027319549155,12
24,0.3,3.128,0.15786354065999583,0.035412200547736236,12
24,0.3,3.156,0.0460676501891552,0.04701101416194984,12
24,0.3,3.184,0.07038475900206467,0.04859387523562108,12
24,0.3,3.212,0.06136425726588534,0.03068860388762245,12
24,0.3,3.24,0.07353479766524386,0.02750993037074535,12
24,0.3,3.268,0.040351043789486535,0.03505591878789825,12
24,0.3,3.296,0.018998001760593602,0.04462028099809635,12
24,0.3,3.324,0.08500627666368193,0.023302298219241502,12
24,0.3,3.352,0.03593395352470419,0.026477738412342137,12
24,0.3,3.38,0.09025813344514004,0.022169976368588966,12
24,0.3,3.408,0.036485242482014235,0.022628016895518195,12
24,0.3,3.436,0.0351986086465918,0.027424849522241012,12
24,0.3,3.464,0.02328771792513082,0.03479335974759914,12
24,0.3,3.492,0.06057469032062901,0.01487607034903395,12
24,0.3,3.52,0.012459486923811667,0.030588837765827374,12
24,0.3,3.548,-0.0004950246321576793,0.029474310779780685,12
24,0.3,3.576,0.003686374094515175,0.029798236708019628,12
24,0.3,3.604,0.04892244292660148,0.0525870924258522,12
24,0.3,3.632,0.013140302526107548,0.04652941317715528,12
24,0.3,3.66,0.06760247604829901,0.03560729992712142,12
24,0.3,3.688,-0.03983145593427403,0.056987027167421475,12
24,0.3,3.716,0.037573078787215324,0.06401085837630338,12
24,0.3,3.744,0.13759970762280677,0.07087861179638105,12
24,0.3,3.772,0.02980793798423619,0.07774549719258562,12
24,0.3,3.8,0.19212315322337528,0.03373443858978585,12
28,0.3,2.4,0.6665875003319421,9.045955705285462e-07,12
28,0.3,2.428,0.6665787226328582,9.388160677821687e-07,12
28,0.3,2.456,0.6665660044662046,1.8573509980965934e-06,12
28,0.3,2.484,0.6665567588217648,1.2088784680844028e-06,12
28,0.3,2.512,0.6580650900571231,0.00847748633037868,12
28,0.3,2.54,0.6665274717840749,2.012456835967877e-06,12
28,0.3,2.568,0.6665010701724959,2.6405748785027034e-06,12
28,0.3,2.596,0.6664844779597606,2.7091226035290525e-06,12
28,0.3,2.624,0.6664496976847907,3.2578985872533897e-06,12
28,0.3,2.652,0.6664174065427849,4.531192939413557e-06,12
28,0.3,2.68,0.6663737688397945,4.3737562540340425e-06,12
28,0.3,2.708,0.6663135311831981,7.473780068668456e-06,12
28,0.3,2.736,0.6662479551651505,6.148305075009148e-06,12
28,0.3,2.764,0.6661631785949139,9.488361462999793e-06,12
28,0.3,2.792,0.6660186275785839,1.7355649422373654e-05,12
28,0.3,2.82,0.6658878327595735,2.373557958262482e-05,12
28,0.3,2.848,0.6656508979041972,2.9877357242053636e-05,12
28,0.3,2.876,0.6653552526423471,3.474749121994844e-05,12
28,0.3,2.904,0.6648127323579425,7.235885001777885e-05,12
28,0.3,2.932,0.6638139355321212,0.00015150090601507508,12
28,0.3,2.96,0.6619595262362897,0.00020006687744221754,12
28,0.3,2.988,0.6582176723002472,0.000568985494715983,12
28,0.3,3.016,0.6426030029263402,0.004973534584567087,12
28,0.3,3.044,0.5443534749608365,0.017030860051877175,12
28,0.3,3.072,0.3572192070604013,0.042605345695180576,12
28,0.3,3.1,0.24460814786540078,0.045534571183594545,12
28,0.3,3.128,0.17802344427808844,0.03872952266609111,12
28,0.3,3.156,0.07925535230516718,0.04656127207906698,12
28,0.3,3.184,0.09735829747408824,0.040214575279626324,12
28,0.3,3.212,0.09746448802205865,0.04481035080147951,12
28,0.3,3.24,0.1252354345106587,0.025122047183893024,12
28,0.3,3.268,-0.021549914680978444,0.04215056862049538,12
28,0.3,3.296,0.05778249834258454,0.03264574424714777,12
28,0.3,3.324,0.022583655189784817,0.03215032434485341,12
28,0.3,3.352,0.03339305185100172,0.03830790384794436,12
28,0.3,3.38,0.07568931682623954,0.038293639164747394,12
28,0.3,3.408,0.03510274846540435,0.04346609887482888,12
28,0.3,3.436,-0.03178329286492512,0.044291626801837236,12
28,0.3,3.464,-0.07306942123625486,0.05475389299498797,12
28,0.3,3.492,0.06989377461429323,0.0884311386374158,12
28,0.3,3.52,0.03352698018954937,0.0849198113587353,12
28,0.3,3.548,0.08965318334450252,0.061643590802723136,12
28,0.3,3.576,0.09746019434676052,0.04735700908484625,12
28,0.3,3.604,-0.09807264316754956,0.05791310332326286,12
28,0.3,3.632,-0.15479211655803635,0.06809088092733576,12
28,0.3,3.66,-0.3455720142557495,0.055759809596755715,12
28,0.3,3.688,-0.13870726920234958,0.16629209883049625,12
28,0.3,3.716,-0.5353082786871537,0.058257050705523256,12
28,0.3,3.744,-0.5352303153411183,0.15186553490596277,12
28,0.3,3.772,0.2993196204584327,0.2530548892180683,12
28,0.3,3.8,0.292124855457033,0.2534001589854065,12
32,0.3,2.4,0.6666136747439472,8.701867490675897e-07,12
32,0.3,2.428,0.6666075225875775,5.104642124198488e-07,12
32,0.3,2.456,0.6665989569997394,1.121941129659663e-06,12
32,0.3,2.484,0.6201312784551526,0.03136515841219896,12
32,0.3,2.512,0.6594845805801076,0.007100319499424942,12
32,0.3,2.54,0.6665720424257437,1.4981741621211642e-06,12
32,0.3,2.568,0.6665582962384055,2.253470856413213e-06,12
32,0.3,2.596,0.6665407183227833,1.6552711572676532e-06,12
32,0.3,2.624,0.6665200469405822,2.5757008179216134e-06,12
32,0.3,2.652,0.6664972710208298,2.3457223821131805e-06,12
32,0.3,2.68,0.666473980062445,4.829556610918085e-06,12
32,0.3,2.708,0.6664319217083853,3.2447260515413606e-06,12
32,0.3,2.736,0.666385789554667,4.909903542003454e-06,12
32,0.3,2.764,0.6663291527008983,7.155557170700511e-06,12
32,0.3,2.792,0.6301359128019527,0.036116044023187195,12
32,0.3,2.82,0.6660947957264282,1.6832208753347762e-05,12
32,0.3,2.848,0.6659770636465665,2.0389087546744594e-05,12
32,0.3,2.876,0.665703856509695,4.024864319291472e-05,12
32,0.3,2.904,0.6653838179235151,4.372220723997645e-05,12
32,0.3,2.932,0.664624026842297,8.564071922712882e-05,12
32,0.3,2.96,0.6635725337162562,0.00020921428314957645,12
32,0.3,2.988,0.6604833270946918,0.0005565777652941387,12
32,0.3,3.016,0.6533591389763669,0.0029188011261502334,12
32,0.3,3.044,0.5983587632267123,0.011996901622315299,12
32,0.3,3.072,0.4048704598517094,0.04849334381978454,12
32,0.3,3.1,0.226780027008427,0.04243440033054498,12
32,0.3,3.128,0.16529717944326314,0.03293304676177344,12
32,0.3,3.156,0.1420078662207591,0.04430595559378286,12
32,0.3,3.184,0.11598374036341141,0.03502656271567814,12
32,0.3,3.212,0.018732514410819568,0.041438563685799415,12
32,0.3,3.24,0.04386677589584953,0.028221835178420644,12
32,0.3,3.268,0.047862917329212974,0.04498416955592226,12
32,0.3,3.296,0.021494120562335073,0.028712406895866568,12
32,0.3,3.324,0.06643745188999446,0.05675063383233472,12
32,0.3,3.352,0.08203866262391789,0.06170958945179112,12
32,0.3,3.38,-0.04211842421491755,0.07549419875276911,12
32,0.3,3.408,0.08744021532183126,0.0633137022814289,12
32,0.3,3.436,-0.10730219309748595,0.07332893623007071,12
32,0.3,3.464,-0.047864670151267184,0.05775895614060426,12
32,0.3,3.492,-0.15944809137017832,0.169012010093537,12
32,0.3,3.52,-0.21268534455326096,0.22037596413746036,12
32,0.3,3.548,-0.18447654916348077,0.26050075545335055,12
32,0.3,3.576,0.5556616166138841,0.2360288159029504,12
32,0.3,3.604,0.6664167284058129,0.22525765774350717,12
32,0.3,3.632,1.0,0.0,12
32,0.3,3.66,1.0,0.0,12
32,0.3,3.688,1.0,0.0,12
32,0.3,3.716,1.0,0.0,12
32,0.3,3.744,1.0,0.0,12
32,0.3,3.772,1.0,0.0,12
32,0.3,3.8,1.0,0.0,12
24,0.4,1.8,0.6665943193504456,1.175061603170676e-06,12
24,0.4,1.828,0.6375279195605908,0.029060457680323865,12
24,0.4,1.856,0.6665779094566533,1.85246293713396e-06,12
24,0.4,1.884,0.6272049739035626,0.03936448583259176,12
24,0.4,1.912,0.649201193860918,0.01735644302783386,12
24,0.4,1.94,0.6665452506125232,2.055103118438622e-06,12
24,0.4,1.968,0.6665298851496703,2.302685883137691e-06,12
24,0.4,1.996,0.6665096475008929,3.0682177373397013e-06,12
24,0.4,2.024,0.6664920465256348,3.6664215513837094e-06,12
24,0.4,2.052,0.6664606100729588,4.77194905213054e-06,12
24,0.4,2.08,0.6195917185637203,0.046849831295227795,12
24,0.4,2.108,0.6664052688419282,4.723401961629221e-06,12
24,0.4,2.136,0.6663653854130394,5.134348596985022e-06,12
24,0.4,2.164,0.6663025116860886,6.863602316930725e-06,12
24,0.4,2.192,0.666249017281905,9.957295741073932e-06,12
24,0.4,2.22,0.666161162188493,1.2820457712170575e-05,12
24,0.4,2.248,0.6660615985257742,1.4577242695325357e-05,12
24,0.4,2.276,0.6659413269963516,2.4308297095033723e-05,12
24,0.4,2.304,0.6657476312839214,2.7476327605128063e-05,12
24,0.4,2.332,0.6654896813664702,3.2726123305094926e-05,12
24,0.4,2.36,0.6650677963433345,5.594645876383837e-05,12
24,0.4,2.388,0.6645984641485806,7.399440091796823e-05,12
24,0.4,2.416,0.6635939973832866,6.678296687777904e-05,12
24,0.4,2.444,0.6623774414756244,0.00030809132852450705,12
24,0.4,2.472,0.6601070862864905,0.0004884131102344104,12
24,0.4,2.5,0.653016591660374,0.0011540282994221929,12
24,0.4,2.528,0.6215019650802982,0.010875769938078204,12
24,0.4,2.556,0.5611921591298129,0.013493131758134415,12
24,0.4,2.584,0.40846857523485003,0.03524828104321257,12
24,0.4,2.612,0.22193291389935577,0.042306736224088426,12
24,0.4,2.64,0.24055900247527073,0.029352531082285558,12
24,0.4,2.668,0.1036226091830133,0.039751535897522935,12
24,0.4,2.696,0.08382833956785908,0.028422172589176037,12
24,0.4,2.724,0.03972478897741799,0.056407210077693,12
24,0.4,2.752,0.04068464171933956,0.02756798730982193,12
24,0.4,2.78,0.13075568377350666,0.018473355654853647,12
24,0.4,2.808,-0.0012238543223563787,0.02817013658378026,12
24,0.4,2.836,-0.000582821861726803,0.027218885218400508,12
24,0.4,2.864,0.007571320211495601,0.031939643072607556,12
24,0.4,2.892,0.0358703345148314,0.032655292694335536,12
24,0.4,2.92,0.06253174769862647,0.02770700151062256,12
24,0.4,2.948,0.04266116595951558,0.032485957711581005,12
24,0.4,2.976,-0.011330796422295841,0.03245169068480406,12
24,0.4,3.004,-0.032878968233757265,0.03484110895830038,12
24,0.4,3.032,0.01695352681610528,0.05075080354913302,12
24,0.4,3.06,-0.02854290895586707,0.037347857636284724,12
24,0.4,3.088,-0.014687521073570861,0.03951471166419696,12
24,0.4,3.116,-0.003552364465727542,0.051060044371507476,12
24,0.4,3.144,0.10329622622245653,0.07214650219552171,12
24,0.4,3.172,0.1034866633817871,0.06434196117096075,12
24,0.4,3.2,0.07757333388519934,0.07954235564232998,12
28,0.4,1.8,0.6444419893161513,0.02217983885108585,12
28,0.4,1.828,0.6390801488352041,0.020244672620482452,12
28,0.4,1.856,0.6666117399235832,6.268197110796952e-07,12
28,0.4,1.884,0.6666043762792543,1.0421592804948913e-06,12
28,0.4,1.912,0.6665983491832498,7.579636185035936e-07,12
28,0.4,1.94,0.656246286666456,0.010345817627956402,12
28,0.4,1.968,0.6665780846342982,1.3732920962604717e-06,12
28,0.4,1.996,0.6665713579820043,1.6980766359504238e-06,12
28,0.4,2.024,0.6665565958458888,1.878815382815699e-06,12
28,0.4,2.052,0.6639267790987506,0.002611449134680162,12
28,0.4,2.08,0.6632266807196672,0.003294832379199424,12
28,0.4,2.108,0.66649819089737,2.439578311178853e-06,12
28,0.4,2.136,0.6664774483542203,3.713746649040256e-06,12
28,0.4,2.164,0.6194565384580523,0.04698134242254413,12
28,0.4,2.192,0.6454631540485875,0.020940047383990523,12
28,0.4,2.22,0.6663470418687586,9.507608479764346e-06,12
28,0.4,2.248,0.6662746597457564,7.243640704572478e-06,12
28,0.4,2.276,0.6661975644732688,1.1489164848513342e-05,12
28,0.4,2.304,0.6661013001835799,1.1304729342722703e-05,12
28,0.4,2.332,0.6658998799281838,1.2804427305377136e-05,12
28,0.4,2.36,0.6657014198456387,2.3484283220482783e-05,12
28,0.4,2.388,0.665323119693637,5.7636788988674126e-05,12
28,0.4,2.416,0.6649096776723317,5.134158487535266e-05,12
28,0.4,2.444,0.6637083543577291,5.867698200159825e-05,12
28,0.4,2.472,0.6620753860828082,0.0002359849616552743,12
28,0.4,2.5,0.6571565206588064,0.0007231868954455289,12
28,0.4,2.528,0.6340555064199644,0.0046148179932770745,12
28,0.4,2.556,0.5204229412674714,0.03914946641109662,12
28,0.4,2.584,0.3481924014171998,0.03054847757434419,12
28,0.4,2.612,0.1962718626230763,0.04693228837937892,12
28,0.4,2.64,0.20471332635466566,0.03397884869231226,12
28,0.4,2.668,0.08434805076223577,0.03314075598222602,12
28,0.4,2.696,0.09954871924662952,0.03998607651618937,12
28,0.4,2.724,0.03653195262530357,0.03601444302398478,12
28,0.4,2.752,0.03393869741882254,0.03473687856152832,12
28,0.4,2.78,0.042471138513358625,0.039523954953909445,12
28,0.4,2.808,-0.007102817099195635,0.04287125099220291,12
28,0.4,2.836,0.020858205192755153,0.04455632013161817,12
28,0.4,2.864,-0.020315728184353222,0.048018590131554524,12
28,0.4,2.892,-0.009012305764450121,0.05234172116522691,12
28,0.4,2.92,0.0947487774296684,0.060408881699704285,12
28,0.4,2.948,0.07687425925245389,0.061206511218202274,12
28,0.4,2.976,0.0731584135524389,0.06231409980658669,12
28,0.4,3.004,-0.006605466314983692,0.07475369051583576,12
28,0.4,3.032,-0.026858278013242743,0.05757424555543322,12
28,0.4,3.06,-0.12909219404288144,0.07206642339474703,12
28,0.4,3.088,-0.23807746428317955,0.04746943447146934,12
28,0.4,3.116,-0.48061559595617104,0.060194900580359784,12
28,0.4,3.144,-0.46401510830762005,0.07396842261116689,12
28,0.4,3.172,0.0508523418532927,0.24876373420371975,12
28,0.4,3.2,0.11274872952748893,0.2719582900454511,12
32,0.4,1.8,0.6650576980014925,0.0015795019850668988,12
32,0.4,1.828,0.6666332485511,4.281330400303389e-07,12
32,0.4,1.856,0.6666293769621565,3.7577193677936874e-07,12
32,0.4,1.884,0.666625994830352,4.953363243511252e-07,12
32,0.4,1.912,0.6666207937771916,6.25518203631885e-07,12
32,0.4,1.94,0.6632903370940395,0.0024212382853181632,12
32,0.4,1.968,0.6262643477694326,0.03820577627031779,12
32,0.4,1.996,0.666600334523878,1.173497774588102e-06,12
32,0.4,2.024,0.6238999600730109,0.030135517036920426,12
32,0.4,2.052,0.6582114977045209,0.008371580335547168,12
32,0.4,2.08,0.6257699330192793,0.04080176315456533,12
32,0.4,2.108,0.6656848047375407,0.0008697173541265635,12
32,0.4,2.136,0.6505826812230965,0.015955415908538176,12
32,0.4,2.164,0.666511755818946,3.2176568700009916e-06,12
32,0.4,2.192,0.6664909895457055,3.6551957762937905e-06,12
32,0.4,2.22,0.6373246125446342,0.020816590557906293,12
32,0.4,2.248,0.6664113911886362,3.973598252958343e-06,12
32,0.4,2.276,0.6663504047457949,7.237905692999198e-06,12
32,0.4,2.304,0.6662755985319143,1.2269812939634652e-05,12
32,0.4,2.332,0.6661728769523473,1.7468836825240466e-05,12
32,0.4,2.36,0.6659864617510205,2.3792581345567712e-05,12
32,0.4,2.388,0.6657484851507153,3.707043522927408e-05,12
32,0.4,2.416,0.6653554142031356,5.691294053296965e-05,12
32,0.4,2.444,0.6646524031047969,8.519953747792979e-05,12
32,0.4,2.472,0.6636916603817742,0.00010357432897010514,12
32,0.4,2.5,0.6596995737629088,0.0006691324696072435,12
32,0.4,2.528,0.6480934953803004,0.0022883180204268227,12
32,0.4,2.556,0.5699508681814213,0.02128015730829749,12
32,0.4,2.584,0.3185271706053885,0.03921252655114297,12
32,0.4,2.612,0.20229666412656847,0.050205386451609914,12
32,0.4,2.64,0.02277419432887996,0.08300941286458915,12
32,0.4,2.668,0.14601833586856414,0.027679186572012997,12
32,0.4,2.696,0.004332622618420499,0.049396813216239614,12
32,0.4,2.724,0.06504840411707476,0.03107985781547124,12
32,0.4,2.752,0.036843204247223406,0.02913546512357611,12
32,0.4,2.78,0.0644217004791031,0.031777186229363645,12
32,0.4,2.808,0.12506763862609052,0.05341691022899691,12
32,0.4,2.836,0.033207730077834736,0.06933893565380757,12
32,0.4,2.864,0.06716183486178984,0.06198779906449892,12
32,0.4,2.892,-0.05321625602675915,0.07106998793225829,12
32,0.4,2.92,-0.17191283027733792,0.06606753094246971,12
32,0.4,2.948,-0.4089114944151655,0.15502803296963333,12
32,0.4,2.976,-0.1857738713408287,0.212323590020497,12
32,0.4,3.004,0.5134876586667221,0.20900262509635212,12
32,0.4,3.032,0.7331927503093058,0.17999784068223132,12
32,0.4,3.06,0.580100360739823,0.21974452287489607,12
32,0.4,3.088,0.8402556931273527,0.15974430687264737,12
32,0.4,3.116,0.8272537000529985,0.17274629994700147,12
32,0.4,3.144,1.0,0.0,12
32,0.4,3.172,1.0,0.0,12
32,0.4,3.2,1.0,0.0,12
24,0.5,1.3,0.6666057152172262,9.952242355524177e-07,12
24,0.5,1.328,0.6656338704067314,0.0009652995642506475,12
24,0.5,1.356,0.6665913731866698,1.5363885717567752e-06,12
24,0.5,1.384,0.6436826232790622,0.022899392173412657,12
24,0.5,1.412,0.6274484802108239,0.03912429554957745,12
24,0.5,1.44,0.666558443717102,1.4692430532670566e-06,12
24,0.5,1.468,0.640058541622535,0.01828040065026255,12
24,0.5,1.496,0.6270483629087354,0.03948134412447927,12
24,0.5,1.524,0.6665118435188274,1.984211422207051e-06,12
24,0.5,1.552,0.6664927076054383,3.495265972642371e-06,12
24,0.5,1.58,0.646475124093227,0.019985952398497094,12
24,0.5,1.608,0.666430521811546,5.955719783996421e-06,12
24,0.5,1.636,0.6172777559113182,0.049115148664103055,12
24,0.5,1.664,0.6033241651401638,0.06300515767890134,12
24,0.5,1.692,0.6530363806195455,0.013240294016032085,12
24,0.5,1.72,0.6661982643741596,1.4120471483209903e-05,12
24,0.5,1.748,0.6660761480414005,1.5902666698295927e-05,12
24,0.5,1.776,0.6659457758297832,1.504814862874678e-05,12
24,0.5,1.804,0.6657992593322196,3.087847607206812e-05,12
24,0.5,1.832,0.6654831067820819,4.952330708653542e-05,12
24,0.5,1.86,0.6651496437516908,6.546810715963539e-05,12
24,0.5,1.888,0.6646736987613355,7.894428929235267e-05,12
24,0.5,1.916,0.6638595385118934,0.00013327127639187889,12
24,0.5,1.944,0.6621439890509367,0.0005688261433496095,12
24,0.5,1.972,0.6595703417625284,0.0005468263034174239,12
24,0.5,2.0,0.6498457252229587,0.0020692851954634355,12
24,0.5,2.028,0.6035444789287296,0.020326323340661635,12
24,0.5,2.056,0.42885225408486644,0.03764660657393742,12
24,0.5,2.084,0.2933295263666992,0.04203716343004004,12
24,0.5,2.112,0.2658754137271497,0.03805188370248184,12
24,0.5,2.14,0.18262699808047775,0.04359610596413568,12
24,0.5,2.168,0.22817969626515353,0.032642087479063206,12
24,0.5,2.196,0.14334155051710734,0.029554520374087578,12
24,0.5,2.224,0.07515888362685157,0.03210886835006061,12
24,0.5,2.252,0.10146689472267356,0.027906472459996293,12
24,0.5,2.28,0.0575433790323606,0.03737995624000872,12
24,0.5,2.308,0.04674963652802261,0.03105506478102867,12
24,0.5,2.336,0.05271052822795846,0.038244660868941044,12
24,0.5,2.364,0.04512785545950019,0.020403993386742147,12
24,0.5,2.392,0.0388068203013903,0.02561970419057779,12
24,0.5,2.42,0.07177863841902138,0.01760694999348269,12
24,0.5,2.448,0.01628438557564456,0.03739140201531475,12
24,0.5,2.476,-0.009117369481648235,0.03820416166638346,12
24,0.5,2.504,0.008237293572156698,0.054253246603112024,12
24,0.5,2.532,-0.04459974413705059,0.049950555795764184,12
24,0.5,2.56,0.056424980958894956,0.06569782130942547,12
24,0.5,2.588,0.14082613053169088,0.05605837456879035,12
24,0.5,2.616,0.09107871078126019,0.056269908646758286,12
24,0.5,2.644,0.058013214627753995,0.062058733124749826,12
24,0.5,2.672,-0.02035991158819528,0.05003050131173244,12
24,0.5,2.7,-0.06998199127365791,0.05535047170097035,12
28,0.5,1.3,0.653141201060279,0.011871278976432987,12
28,0.5,1.328,0.6266068733428269,0.03068028426583187,12
28,0.5,1.356,0.6666169883747115,5.810523168136883e-07,12
28,0.5,1.384,0.6584800153303367,0.008134183958697428,12
28,0.5,1.412,0.6666081304667456,7.992655132810192e-07,12
28,0.5,1.44,0.6665998680335995,1.0936880097617048e-06,12
28,0.5,1.468,0.6044117806122858,0.03631776391456653,12
28,0.5,1.496,0.6661336450215216,0.0004493422427893455,12
28,0.5,1.524,0.6664727437909066,9.713924694442375e-05,12
28,0.5,1.552,0.5731118834466354,0.06325732445153719,12
28,0.5,1.58,0.6581516692989281,0.00838981139899841,12
28,0.5,1.608,0.6664468950185003,7.349655881042094e-05,12
28,0.5,1.636,0.6664929805193822,2.9366735666008147e-06,12
28,0.5,1.664,0.6664689873834712,4.418159249183057e-06,12
28,0.5,1.692,0.6664251770076199,5.7948787535889036e-06,12
28,0.5,1.72,0.6663666343585476,7.303133083770202e-06,12
28,0.5,1.748,0.6663155859923856,7.122116188531977e-06,12
28,0.5,1.776,0.6597836424508982,0.006437633231511117,12
28,0.5,1.804,0.666148413119057,1.1934792155780698e-05,12
28,0.5,1.832,0.6659830189643335,2.0767378249925077e-05,12
28,0.5,1.86,0.6657529420689675,3.056163582359104e-05,12
28,0.5,1.888,0.665379708919203,7.686441542368394e-05,12
28,0.5,1.916,0.6647900713024542,0.00011661870252941157,12
28,0.5,1.944,0.6637848040948084,0.000208551739662217,12
28,0.5,1.972,0.6616488943985939,0.0002476670888316246,12
28,0.5,2.0,0.6551108914164271,0.001433763237146435,12
28,0.5,2.028,0.6266781891220532,0.01052530081912089,12
28,0.5,2.056,0.46303055217418293,0.04028936030084342,12
28,0.5,2.084,0.32569629705928527,0.03998720655178649,12
28,0.5,2.112,0.16343268567393357,0.03478412333616218,12
28,0.5,2.14,0.21870116699711425,0.03461640958551157,12
28,0.5,2.168,0.04931195670902238,0.04315860503712207,12
28,0.5,2.196,0.09064820153459431,0.027059266695583294,12
28,0.5,2.224,0.11474229063412504,0.03466402044815059,12
28,0.5,2.252,0.03383238240364203,0.03446919680132659,12
28,0.5,2.28,0.038664892880336255,0.030320755332436312,12
28,0.5,2.308,0.030162820885679075,0.023845563470246574,12
28,0.5,2.336,-0.00993626115621371,0.04997350302334453,12
28,0.5,2.364,-0.015922631674430643,0.04659898130912698,12
28,0.5,2.392,-0.04756506705420394,0.05929443911627811,12
28,0.5,2.42,0.07836662716191599,0.05629600498182462,12
28,0.5,2.448,0.039431762558180115,0.04286556755254816,12
28,0.5,2.476,-0.03899303900742862,0.04528986516472026,12
28,0.5,2.504,-0.15208589532019245,0.06551083076848652,12
28,0.5,2.532,-0.1236996568285736,0.11184843081682778,12
28,0.5,2.56,-0.46363565375156246,0.07406761434210103,12
28,0.5,2.588,0.101281405875834,0.23599658170742271,12
28,0.5,2.616,-0.03043752314036169,0.2639980245608149,12
28,0.5,2.644,0.6210188006117977,0.19821829273875188,12
28,0.5,2.672,1.0,0.0,12
28,0.5,2.7,0.6658756574621959,0.2254741888261601,12
32,0.5,1.3,0.6534386083433364,0.006371652255185699,12
32,0.5,1.328,0.6454352135736636,0.019144719731186914,12
32,0.5,1.356,0.6547282961049996,0.007583555463360429,12
32,0.5,1.384,0.6582321882639214,0.008153334573519752,12
32,0.5,1.412,0.6640938921676172,0.0020969347482384408,12
32,0.5,1.44,0.6622461218310627,0.0038907636927960525,12
32,0.5,1.468,0.6631824785612495,0.002499124486937587,12
32,0.5,1.496,0.6357296506751359,0.016638765696892273,12
32,0.5,1.524,0.6355847110035631,0.025111877373988012,12
32,0.5,1.552,0.6606274693140614,0.005963092249879458,12
32,0.5,1.58,0.6528653239667526,0.009947078903862155,12
32,0.5,1.608,0.6427086470130633,0.02386049377340696,12
32,0.5,1.636,0.6664467341905879,0.00010585500192541132,12
32,0.5,1.664,0.6617271122618235,0.0036221079884856,12
32,0.5,1.692,0.6663793704784419,8.936743806552384e-05,12
32,0.5,1.72,0.6616173476279981,0.0034685470724915997,12
32,0.5,1.748,0.6664239750057186,5.86758079480908e-06,12
32,0.5,1.776,0.6369802958225105,0.020492835196815783,12
32,0.5,1.804,0.629486599717645,0.03679346561157962,12
32,0.5,1.832,0.6626460846260626,0.0034059422418224027,12
32,0.5,1.86,0.6260421722592134,0.03484745727219936,12
32,0.5,1.888,0.6493665587380792,0.012533246730108685,12
32,0.5,1.916,0.6653997837373763,9.830633510295358e-05,12
32,0.5,1.944,0.6645854690129585,8.480180840029477e-05,12
32,0.5,1.972,0.6628497782581148,0.0004723495400662613,12
32,0.5,2.0,0.6574529732117602,0.0013625910829914109,12
32,0.5,2.028,0.6361855398250428,0.010908437620086739,12
32,0.5,2.056,0.4809829654045856,0.02951707564842035,12
32,0.5,2.084,0.3488206168862474,0.06755432335256228,12
32,0.5,2.112,0.24364771167812868,0.030328033838390604,12
32,0.5,2.14,0.11858981049338023,0.030391290364999653,12
32,0.5,2.168,0.034740269444594025,0.04835185668920992,12
32,0.5,2.196,0.12042622231303642,0.0369840421240138,12
32,0.5,2.224,0.11808751518598555,0.028750813947576847,12
32,0.5,2.252,0.042675548076357976,0.06336262092435496,12
32,0.5,2.28,0.04564759705659046,0.06694781152616078,12
32,0.5,2.308,0.08675675460471584,0.058695831273601604,12
32,0.5,2.336,-0.06378508554978342,0.1018172392211894,12
32,0.5,2.364,-0.1716438421093551,0.09305330732727232,12
32,0.5,2.392,-0.34350813593067664,0.08671767458738865,12
32,0.5,2.42,-0.13340281542056642,0.20521720044199615,12
32,0.5,2.448,0.0647087160953626,0.24620745300269684,12
32,0.5,2.476,0.40405056993718197,0.25463483146042315,12
32,0.5,2.504,0.8210609795551432,0.17893902044485674,12
32,0.5,2.532,0.6903883439060872,0.21248531371249413,12
32,0.5,2.56,1.0,0.0,12
32,0.5,2.588,1.0,0.0,12
32,0.5,2.616,1.0,0.0,12
32,0.5,2.644,1.0,0.0,12
32,0.5,2.672,1.0,0.0,12
32,0.5,2.7,1.0,0.0,12
