p_removed,T,E,E_err,M,M_err,M2,M2_err,M4,M4_err,Cv,Cv_err,chi,chi_err,mean_degree,mean_degree_err,n_realizations
0.0,3.8,-2.13228825,0.000720938089690529,0.81478325,0.00017383535073932713,0.6639539999999999,0.00028471594031011455,0.44105300000000003,0.00038200850775865574,1.03625925,0.023450422225676455,0.29886875,0.006041222701503947,6.0,0.0,4
0.0,3.828,-2.10319425,0.0010010324982236668,0.80698525,0.00030290575404460054,0.65131025,0.0004895524103709447,0.4244265,0.0006400612600889585,1.024536,0.023438184468227603,0.30653825,0.006372310901797456,6.0,0.0,4
0.0,3.856,-2.074735,0.0012459940476048461,0.799231,0.00031276455468397403,0.6388670000000001,0.0004979846048490522,0.408399,0.0006313550242665855,1.08744175,0.026385437300952566,0.34710975,0.008119274735416135,6.0,0.0,4
0.0,3.884,-2.0450185000000003,0.0009092510196126232,0.79104275,0.0003415641411214166,0.625854,0.0005392355700433784,0.39195625,0.0006719826851687916,1.1234095,0.01979390750753033,0.37357675,0.008433045716851054,6.0,0.0,4
0.0,3.912,-2.0112445,0.0006873699270892613,0.7813785,0.0002681543398865694,0.6106637500000001,0.0004200072171999121,0.37318175,0.0005153969950436305,1.1337537500000001,0.02580952599776226,0.39344675,0.007824067946354173,6.0,0.0,4
0.0,3.94,-1.98043775,0.0006058754513099265,0.77248425,0.00019224826613869532,0.5968525,0.00029562631254113035,0.35652,0.00035040643068679785,1.1559285,0.02433056674398139,0.42263125,0.009617570555802197,6.0,0.0,4
0.0,3.968,-1.9474797499999998,0.0005937417192405052,0.76284575,0.00018693108132857635,0.582064,0.0002881995836221813,0.33910175,0.00034216574322006325,1.17466475,0.012997391003421946,0.453774,0.0107511913215854,6.0,0.0,4
0.0,3.996,-1.91260925,0.0010315236606593266,0.75215175,0.000368442979532322,0.56587375,0.0005548743664109819,0.32053275,0.0006300975288265586,1.1970225,0.03516376992137412,0.48792475,0.01157210380163578,6.0,0.0,4
0.0,4.024,-1.879186,0.0017815904879255086,0.7418975,0.0005863044573143512,0.5505735,0.0008670598306921949,0.3034855,0.0009491215675560211,1.253796,0.02524569498284149,0.5512995,0.012215310764910307,6.0,0.0,4
0.0,4.052,-1.8415555000000001,0.0010486509190383462,0.7299105,0.0003411327942800611,0.53295375,0.000490235381390074,0.28443175,0.0005070566002265694,1.35439425,0.058464371113774644,0.62745925,0.027632683312745793,6.0,0.0,4
0.0,4.08,-1.806172,0.0015391056385663045,0.71825425,0.000622634105367409,0.5160830000000001,0.0008887017684990345,0.2667405,0.0009055670875203021,1.3069485,0.044520031973446124,0.65262975,0.02856014448894065,6.0,0.0,4
0.0,4.108,-1.7667017500000002,0.0006589356790815471,0.704932,0.0002958693405316987,0.497149,0.0004144142452506481,0.24759275,0.0004069791917285197,1.369759,0.035240393218105105,0.739517,0.02212365440352625,6.0,0.0,4
0.0,4.136,-1.7316855,0.001448167203744106,0.69298825,0.00047421889724050595,0.48045899999999997,0.0006517393395113353,0.23127425000000001,0.0006159582473674655,1.3314135,0.031341999057441554,0.75451225,0.01989496475817856,6.0,0.0,4
0.0,4.164,-1.68855,0.000789109730434663,0.6772545,0.00044441656509780963,0.458951,0.0006092123329896386,0.211141,0.0005722495085187921,1.42561075,0.05280834800385099,0.9172214999999999,0.03937843734308578,6.0,0.0,4
0.0,4.192,-1.64598925,0.002564513773765583,0.66151225,0.001122311110684848,0.43790775,0.0014825257937609911,0.19230150000000001,0.0012964400294653063,1.47211425,0.05764449634812646,1.00591875,0.04096685428566001,6.0,0.0,4
0.0,4.22,-1.60479025,0.0013826411546384637,0.64545575,0.0006824953449169648,0.416963,0.0008897028530170385,0.174439,0.0007568633738440943,1.5461695,0.0501629645463995,1.142379,0.03961908368661078,6.0,0.0,4
0.0,4.248,-1.56024825,0.0020150821891840136,0.62716075,0.001009967274634862,0.393752,0.0012710172435232041,0.15569775,0.0010091256425738067,1.60012325,0.014836040629578365,1.3609515,0.02581035950447032,6.0,0.0,4
0.0,4.276,-1.5132225,0.0018212314743967385,0.60692525,0.001003239783152571,0.36887225,0.0011914131227943854,0.136818,0.0008433517455170578,1.6932885,0.05659835496210703,1.6527585,0.08248440329389552,6.0,0.0,4
0.0,4.304,-1.464038,0.0021376931881508647,0.58479975,0.0011833337353285827,0.3426005,0.0013700940661137116,0.1182,0.0009222329785182626,1.768379,0.05875285580151261,1.94550725,0.07962477587553492,6.0,0.0,4
0.0,4.332,-1.41536675,0.00070025547421398,0.56141825,0.0004413895435629065,0.3159555,0.0004892597299321924,0.100773,0.00030660778420212145,1.8879015,0.01623797209475369,2.4391415,0.1067551232170303,6.0,0.0,4
0.0,4.36,-1.3614235,0.0038767093541645253,0.5321517499999999,0.002761436956097315,0.28419075,0.0028647468292736277,0.08186974999999999,0.0015547180545573743,1.901672,0.07962989452146726,3.1153079999999997,0.2448315193805051,6.0,0.0,4
0.0,4.388,-1.3055172499999999,0.0028851853023968226,0.50061825,0.0021809374274609408,0.25174975,0.0021520133354218183,0.06448525,0.0010709976949088173,1.85605575,0.06479997759307098,3.519416,0.143507933402652,6.0,0.0,4
0.0,4.416,-1.25407425,0.0011442661676812926,0.4697495,0.0009792083111711558,0.22198299999999999,0.00088450635950229,0.050412,0.00037281183815252847,1.834913,0.11612238897889875,4.117907,0.2634971665195535,6.0,0.0,4
0.0,4.444,-1.18822475,0.004108533281983567,0.41859125,0.004947010248203797,0.1782925,0.0036864457702055885,0.033731,0.0010955396691433256,2.53537675,0.19594746565741156,9.33311975,1.447381622060412,6.0,0.0,4
0.0,4.472,-1.1087235,0.012743663637928676,0.33811199999999997,0.022756600731069953,0.1225715,0.012394828266256859,0.01798275,0.002455456928794856,2.7225275,0.2803942679432244,62.56719075,48.20529073121771,6.0,0.0,4
0.0,4.5,-1.0513267499999999,0.008641114486135493,0.27064325,0.01837431040145907,0.08344025,0.008659623446153225,0.009367499999999999,0.0014067564643533718,2.3309265,0.08742819249771015,60.73526375,31.56598755232027,6.0,0.0,4
0.0,4.528,-0.98220775,0.006281955764661714,0.155412,0.018653478500447754,0.0330415,0.006028561582168669,0.0022375,0.0005787536176992762,1.44943,0.19423131302950786,62.613493,26.983056714872113,6.0,0.0,4
0.0,4.556,-0.95483375,0.005281286512694297,0.13013825,0.01494157890683467,0.0241015,0.004659679611661444,0.00124525,0.0003875939402261083,1.02211075,0.11124614693655313,46.542602,7.345779417498424,6.0,0.0,4
0.0,4.584,-0.9271017500000001,0.0008513995708048589,0.08643675,0.004248855166885154,0.011209,0.0011263491909705447,0.00033,7.323250644351865e-05,0.7029912500000001,0.04909998783838104,33.0988155,3.596029956502715,6.0,0.0,4
0.0,4.612,-0.91097975,0.0013518685448297063,0.08799725,0.006428102718726576,0.011495,0.001540325831331367,0.0003275,7.727925551746299e-05,0.6532325,0.04332216323757775,33.163749,3.963095835145908,6.0,0.0,4
0.0,4.64,-0.893092,0.0015262729659751685,0.067631,0.003150589230604333,0.00697425,0.0005638326251350366,0.00013275,2.1049049859791773e-05,0.5686065,0.03411982116380448,20.56868975,1.6620779757435353,6.0,0.0,4
0.0,4.668,-0.87772425,0.0008435613369321003,0.056686,0.002422219643219831,0.005045,0.00048303950839104936,7.575e-05,1.6469036604084246e-05,0.48100175,0.007823511928528855,14.185969499999999,1.3715658197898304,6.0,0.0,4
0.0,4.696,-0.8641380000000001,0.001293251393452439,0.05463075,0.001215944240429361,0.0046115,0.000170578183442862,5.8750000000000005e-05,4.2303467154990186e-06,0.4747115,0.015463785589240423,13.10762425,0.46975720418963496,6.0,0.0,4
0.0,4.724,-0.850801,0.0005654521789388214,0.04931175,0.000698942936988897,0.003808,0.00011199181517712207,4.4750000000000004e-05,5.1214418542698175e-06,0.43527375,0.010088099815913472,10.77197125,0.4635325807844892,6.0,0.0,4
0.0,4.752,-0.8416105,0.00044407140942269804,0.04770825,0.0016190858210216447,0.0036685,0.00018449593491456654,4.225e-05,3.1983068437325817e-06,0.40367200000000003,0.004461724162249391,10.33498975,0.45756822223893084,6.0,0.0,4
0.0,4.78,-0.8296275,0.0007879093116173564,0.04053725,0.002157585007015946,0.0025795,0.00028592262939473677,1.95e-05,4.252450274057692e-06,0.38040074999999995,0.007057756954526464,7.1605317500000005,0.7918239043563047,6.0,0.0,4
0.0,4.808,-0.819366,0.00015929113806695326,0.03759775,0.00035099937678007394,0.002284,9.45312999311163e-05,1.775e-05,2.5617376914898997e-06,0.3744685,0.009660839693491107,6.4554504999999995,0.26263509025721726,6.0,0.0,4
0.0,4.836,-0.808988,0.0005418299241151727,0.03839275,0.0008488881330893956,0.00229575,9.417039078181634e-05,1.525e-05,1.652018966799918e-06,0.35079425,0.00598075994857677,6.411239999999999,0.3465614432591042,6.0,0.0,4
0.0,4.864,-0.7988405000000001,0.00032751246795607663,0.036693,0.001638126826591885,0.00213025,0.0001832731908927217,1.325e-05,2.0155644370746375e-06,0.32534025,0.0019848957308886534,5.9472605,0.4660177969036339,6.0,0.0,4
0.0,4.892,-0.789727,0.00045599762426280603,0.033238000000000004,0.0007997209930136047,0.00174125,7.876269738905597e-05,9e-06,7.071067811865478e-07,0.321947,0.004146130766550107,4.79223275,0.18553421707660617,6.0,0.0,4
0.0,4.92,-0.7816485,0.0005696789300415847,0.033403,0.0008897122193908172,0.00172825,7.272937852065013e-05,8.750000000000001e-06,7.500000000000003e-07,0.29768925,0.001034588676318589,4.68968725,0.19805921608001265,6.0,0.0,4
0.0,4.948,-0.772958,0.00027927137339870523,0.0294775,0.0005704398156977941,0.0013557500000000002,5.5917163435448565e-05,5.2500000000000006e-06,6.291528696058958e-07,0.28482675,0.004698427686914706,3.7725637499999998,0.16138749669216165,6.0,0.0,4
0.0,4.976,-0.76437675,0.0007154837961128109,0.02973475,0.0007083382401790832,0.00137725,6.682486438444897e-05,5.5e-06,6.454972243679028e-07,0.2803725,0.004966693811447075,3.6974625000000003,0.2172424929560283,6.0,0.0,4
0.0,5.004,-0.756827,0.0007564290008542168,0.0298125,0.0006531294537328217,0.001407,5.008825544310095e-05,6e-06,4.0824829046386294e-07,0.28633175,0.003960923469238796,3.8704065,0.14622273993779725,6.0,0.0,4
0.0,5.032,-0.74912725,0.00046777547587845933,0.028988,0.0014627136311208245,0.00132,0.00014635060642170228,5.5e-06,1.5545631755148025e-06,0.26659225000000003,0.009062117232146508,3.60436175,0.4089608253375,6.0,0.0,4
0.0,5.06,-0.742034,0.0006700157958336861,0.02770375,0.00043420605227625876,0.0011855,3.424787098005753e-05,4e-06,4.082482904638631e-07,0.264783,0.006856059424577158,3.1886687499999997,0.09935775678272847,6.0,0.0,4
0.0,5.088,-0.7341575,0.0008503734963728159,0.02739175,0.0005518718714520606,0.00117125,5.535849076699979e-05,4e-06,4.082482904638631e-07,0.26252225,0.0028465873830196475,3.145848,0.1504519368225835,6.0,0.0,4
0.0,5.116,-0.72712625,0.0003656283119508101,0.02572925,0.0007570693908090595,0.001062,5.836808488663419e-05,3.75e-06,4.787135538781691e-07,0.24572049999999998,0.004219518959549771,2.853273,0.15844220404982598,6.0,0.0,4
0.0,5.144,-0.7207925,0.0005773835380403664,0.02571575,0.0001461855983558803,0.0010375,1.781619113802577e-05,3.2500000000000002e-06,2.4999999999999994e-07,0.23815999999999998,0.006637959864797815,2.76334475,0.0658316093331755,6.0,0.0,4
0.0,5.172,-0.71411675,0.0002040520256372603,0.024773,0.0003596009362242167,0.0009545,2.326119802016511e-05,2.75e-06,2.5000000000000004e-07,0.22943625,0.0018717085053946516,2.546815,0.06192453048133128,6.0,0.0,4
0.0,5.2,-0.70769775,7.623032533055418e-05,0.02436775,0.0005138998564895688,0.00092075,3.903283873868261e-05,2.4999999999999998e-06,2.8867513459481294e-07,0.2236625,0.003931267914638564,2.436114,0.11343774671671976,6.0,0.0,4
0.1,3.5,-1.8077741666666667,0.0006410554369415546,0.7643535833333334,0.00024376878197517,0.5843587499999999,0.0003727124800741614,0.34176083333333335,0.00043604009812368925,1.0755080833333335,0.015485400269999353,0.48071200000000003,0.007197213011740282,5.400028935185186,2.67795869548738e-16,12
0.1,3.526,-1.7782735833333334,0.00034727417904200947,0.7539808333333333,0.00025066650044320427,0.5686963333333334,0.00031556686208226065,0.32383924999999997,0.0002725518889990832,1.2002656666666667,0.06747141259433323,0.8175864166666668,0.28318381791347547,5.400028935185186,2.67795869548738e-16,12
0.1,3.552,-1.7492697499999998,0.0006330988616010965,0.7440148333333334,0.00024719421984187344,0.5537074166666667,0.0003673559593688887,0.30692225,0.0004060944457433973,1.1587778333333334,0.02097788435754871,0.57918125,0.012642586100955604,5.400028935185186,2.67795869548738e-16,12
0.1,3.578,-1.7182199166666665,0.0005015818078586398,0.7328448333333334,0.00019038190618338874,0.5372220833333333,0.0002787222865237954,0.288951,0.0002991338000009869,1.1637563333333334,0.016020354457515745,0.6173929166666666,0.009041775187276413,5.400028935185186,2.67795869548738e-16,12
0.1,3.604,-1.6879193333333333,0.0003299516340436596,0.7218005833333333,0.0001457265734763964,0.5211721666666667,0.0002108469153608233,0.27198716666666667,0.00022094291163560832,1.2049995833333333,0.013052774554963491,0.67550225,0.009981801225172922,5.400028935185186,2.67795869548738e-16,12
0.1,3.63,-1.6546660833333335,0.000703669273407888,0.7091075,0.0002975943318741768,0.5030337500000001,0.00042078881777759674,0.25344466666666665,0.0004213182294952969,1.2440245,0.02698572861479215,0.7589141666666667,0.018962220286118738,5.400028935185186,2.67795869548738e-16,12
0.1,3.656,-1.6221649999999999,0.0009309605661667845,0.6965635833333333,0.00040051000551821915,0.48542625,0.0005581982395361077,0.23607375,0.0005431139191428141,1.3031594166666667,0.02339351731183375,0.8447899166666666,0.016693427448449333,5.400028935185186,2.67795869548738e-16,12
0.1,3.682,-1.5886940833333334,0.0007482371652285709,0.6830685000000001,0.00037056538498010715,0.46683283333333336,0.0005014737346717731,0.21839883333333332,0.00046017292259200557,1.3388178333333334,0.026641584259310847,0.93476325,0.023158387181545677,5.400028935185186,2.67795869548738e-16,12
0.1,3.708,-1.55268575,0.0006390538357010622,0.6678418333333332,0.0003304094528999683,0.44630166666666665,0.0004370076334770034,0.1996985,0.00038310012339524876,1.3881353333333333,0.018317839253833762,1.0733028333333332,0.02396412747649278,5.400028935185186,2.67795869548738e-16,12
0.1,3.734,-1.5163824166666666,0.0007909898330796326,0.6524375,0.0004506442946527056,0.42598158333333336,0.0005856056623641291,0.18198075,0.0004955730861458484,1.3856743333333332,0.014871587209891703,1.1279943333333333,0.01980442550035193,5.400028935185186,2.67795869548738e-16,12
0.1,3.76,-1.4787191666666668,0.0007110410084211581,0.6352266666666667,0.0004237611772608926,0.40389616666666667,0.0005393590870166871,0.16374608333333332,0.0004382731516181344,1.4894035833333332,0.02559892132832184,1.4017730833333333,0.028220645757880754,5.400028935185186,2.67795869548738e-16,12
0.1,3.786,-1.4412710000000002,0.0012329031825637291,0.6176184166666666,0.000695857084969339,0.38188666666666665,0.0008484281396092459,0.14649383333333332,0.000633138225529198,1.5151614166666665,0.03279384533129662,1.5655373333333333,0.05489288809710613,5.400028935185186,2.67795869548738e-16,12
0.1,3.812,-1.4003729166666667,0.0007052946779198205,0.5973285,0.0005001391245837402,0.35731183333333333,0.0005913189780806841,0.12839266666666668,0.00041608822879458436,1.5653734166666666,0.02731594184012341,1.8411404166666667,0.043624828558047835,5.400028935185186,2.67795869548738e-16,12
0.1,3.838,-1.3584143333333334,0.0012212849872990498,0.5750574166666667,0.0008466548208876678,0.33128941666666667,0.0009645558049609367,0.11053608333333333,0.0006302175485176497,1.6006284166666667,0.02976594962380578,2.1270586666666667,0.058671072984921795,5.400028935185186,2.67795869548738e-16,12
0.1,3.864,-1.3162299166666667,0.0011602673245938676,0.5518264166666667,0.0008272845270900642,0.3052230833333333,0.0009040015625684847,0.09401591666666666,0.0005439976389533957,1.6682802499999998,0.034727915826949826,2.515515666666667,0.07256796440801708,5.400028935185186,2.67795869548738e-16,12
0.1,3.89,-1.2693651666666665,0.001999821105004198,0.5233809166666666,0.0013975983158257595,0.2748705,0.0014521602064343701,0.07655941666666667,0.0007936841927703582,1.7394625833333333,0.041279548027325565,3.2750650833333332,0.11566233890854369,5.400028935185186,2.67795869548738e-16,12
0.1,3.916,-1.2259940833333334,0.001699028311687054,0.49513,0.0014455870412878654,0.24627558333333333,0.0014085616425573411,0.061729,0.0006793854843633597,1.7483616666666668,0.05661564973926371,3.879356833333333,0.16162300491983084,5.400028935185186,2.67795869548738e-16,12
0.1,3.942,-1.1717738333333332,0.0014461607366619358,0.45483091666666664,0.0015709786202002427,0.20863116666666667,0.0013424810468349677,0.0449105,0.0005120660542736592,1.9730964999999998,0.08271714730941569,6.0766555,0.4172154086906445,5.400028935185186,2.67795869548738e-16,12
0.1,3.968,-1.1203950833333334,0.0021350321211774763,0.4111841666666667,0.0025300653418120246,0.17168116666666666,0.0019573965502806268,0.031078916666666668,0.0006375743861335206,2.019715833333333,0.08240537648122617,8.842962083333333,0.7130712471206109,5.400028935185186,2.67795869548738e-16,12
0.1,3.994,-1.063378,0.0032406348868234108,0.3490034166666667,0.005927521756485684,0.12767799999999999,0.003432194635382952,0.018447,0.0007830633029095648,2.2598423333333333,0.15114447986989607,19.154247,3.450441323686969,5.400028935185186,2.67795869548738e-16,12
0.1,4.02,-0.9957514166666667,0.0050116741781115965,0.24470983333333332,0.013566082150780203,0.07019258333333334,0.005881892265942702,0.007042666666666667,0.0008430009016614514,1.8775280833333332,0.0720944964293453,62.13752891666667,16.077392754069578,5.400028935185186,2.67795869548738e-16,12
0.1,4.046,-0.953017,0.002737237614379826,0.17800766666666668,0.008062635338148416,0.041605666666666666,0.0029752041624199186,0.0031240833333333333,0.0003280986884592605,1.6025029999999998,0.12078222413200017,82.78635858333332,7.828346541106405,5.400028935185186,2.67795869548738e-16,12
0.1,4.072,-0.9176805833333334,0.0013647267206646023,0.11456675,0.005333242372034449,0.018578,0.0015176730643663117,0.0007596666666666667,0.00010018576180619115,0.880753,0.048504889614503326,52.85924541666666,6.142369718508619,5.400028935185186,2.67795869548738e-16,12
0.1,4.098,-0.8981830833333334,0.0010830359717180927,0.09100625,0.0031785316891394435,0.01239075,0.0008333516221477965,0.0003986666666666667,5.757042240033971e-05,0.7201501666666666,0.037339154703233714,37.61983933333333,3.276943757726361,5.400028935185186,2.67795869548738e-16,12
0.1,4.124,-0.8792755,0.0007945069130275024,0.07458633333333332,0.002977589472317594,0.008596166666666667,0.0006250105554664214,0.00021341666666666666,3.189007120428146e-05,0.5943980833333333,0.01459653360699991,25.43932875,1.7966188262154945,5.400028935185186,2.67795869548738e-16,12
0.1,4.15,-0.8657862500000001,0.000614691855852601,0.06793725,0.0020402884641749696,0.006980166666666667,0.00040229007010495615,0.00013225,1.6263514194029342e-05,0.5437540833333333,0.014202678110909084,19.737713,0.9160982691344425,5.400028935185186,2.67795869548738e-16,12
0.1,4.176,-0.852553,0.0006475873873404439,0.060995749999999994,0.0015454169444512277,0.00558275,0.0002706369346168181,8.25e-05,1.0746035209660943e-05,0.4867251666666667,0.012740231262965305,17.196226833333334,0.8999321250914277,5.400028935185186,2.67795869548738e-16,12
0.1,4.202,-0.84014575,0.0005386098847538421,0.05315558333333333,0.0020619891597249565,0.004385666666666667,0.0003157102702597348,5.541666666666667e-05,7.16521303087199e-06,0.4576135833333333,0.007722592401576288,13.821708083333334,0.9658478611628518,5.400028935185186,2.67795869548738e-16,12
0.1,4.228,-0.82837,0.00036316873530499645,0.049461000000000005,0.0014813763512151108,0.0038131666666666665,0.00019251276358053286,4.2e-05,3.4619139915440542e-06,0.42855916666666666,0.004312465101893638,12.157029666666666,0.5934475923554708,5.400028935185186,2.67795869548738e-16,12
0.1,4.254,-0.81796675,0.0003036955993185536,0.044182,0.0010080555765703326,0.0030343333333333333,0.0001246895133821395,2.6416666666666667e-05,2.097828362470066e-06,0.4068664166666667,0.004893458511514547,9.519170166666667,0.3695585679410011,5.400028935185186,2.67795869548738e-16,12
0.1,4.28,-0.8070371666666666,0.00027932100663479175,0.04184633333333334,0.0010580668287690598,0.002740166666666667,0.00014381405467906233,2.2083333333333333e-05,2.3563529001189508e-06,0.37940575000000004,0.0030727927015570754,8.52128925,0.36857055312828474,5.400028935185186,2.67795869548738e-16,12
0.1,4.306,-0.79695225,0.00043812185459035646,0.03899175,0.0009584250190001584,0.0023898333333333332,0.00010615639073051274,1.6833333333333334e-05,1.2841300163884882e-06,0.37697325,0.004341830149527791,7.422495666666666,0.358884421011462,5.400028935185186,2.67795869548738e-16,12
0.1,4.332,-0.7874868333333334,0.00032035148389280785,0.03749916666666667,0.0005665206786101717,0.0022287500000000003,6.344051437083689e-05,1.5166666666666667e-05,8.77611542883308e-07,0.3511074166666666,0.004080873282689466,7.012859333333334,0.1978289728485393,5.400028935185186,2.67795869548738e-16,12
0.1,4.358,-0.7785118333333334,0.00024226281225565475,0.03557,0.0009156608476279783,0.001992166666666667,9.693709560870135e-05,1.1666666666666666e-05,1.0824588545146515e-06,0.3431505833333333,0.004322163304198093,6.237541,0.3013909603839364,5.400028935185186,2.67795869548738e-16,12
0.1,4.384,-0.7699788333333334,0.00031079604130833014,0.03468316666666667,0.000607052127377489,0.0018927500000000001,6.597418285231204e-05,1.0833333333333332e-05,8.423751893283419e-07,0.32241475,0.003697693947881163,5.818849416666667,0.21117116780263392,5.400028935185186,2.67795869548738e-16,12
0.1,4.41,-0.7616735833333333,0.00023410951394636182,0.03306,0.000492322679969267,0.0017085,4.6983475496146195e-05,8.666666666666666e-06,4.660168636130212e-07,0.3091500833333333,0.004377913062141791,5.307409666666667,0.14794857916920617,5.400028935185186,2.67795869548738e-16,12
0.1,4.436,-0.7534114166666667,0.0003311745730782123,0.03137616666666667,0.0007091763664187271,0.0015176666666666665,6.220619833353514e-05,6.5e-06,4.351941398892445e-07,0.306062,0.004172763420157684,4.652882,0.19403547619380734,5.400028935185186,2.67795869548738e-16,12
0.1,4.462,-0.74579175,0.0002679471941701192,0.030454166666666668,0.0005377594487756349,0.0014480833333333333,4.788725052272539e-05,6e-06,4.08248290463863e-07,0.28960966666666665,0.003926409060593546,4.470128166666666,0.14458619051262128,5.400028935185186,2.67795869548738e-16,12
0.1,4.488,-0.7378062499999999,0.00019992654427579222,0.029957416666666667,0.000379555351062532,0.0014297499999999998,3.8463899840098e-05,6.25e-06,3.718300361153948e-07,0.28628125,0.00361419918018019,4.325714333333333,0.10773802148360631,5.400028935185186,2.67795869548738e-16,12
0.1,4.514,-0.7309033333333333,0.00024973001583325776,0.028107916666666666,0.0005617053101309378,0.0012296666666666667,4.467785929418633e-05,4.5e-06,2.886751345948129e-07,0.2707813333333333,0.0031282337143693703,3.74567275,0.13412612298223012,5.400028935185186,2.67795869548738e-16,12
0.1,4.54,-0.72357025,0.0003027738961617534,0.02755891666666667,0.00046684152230113855,0.00119575,3.69143408529268e-05,4.416666666666667e-06,2.599047999758856e-07,0.266237,0.0018056971750209888,3.61217875,0.11557103984386748,5.400028935185186,2.67795869548738e-16,12
0.1,4.566,-0.7167973333333334,0.00015198566187025624,0.026763166666666668,0.0005077229594329506,0.00112875,3.8600150141017474e-05,3.916666666666667e-06,3.1281549730397846e-07,0.2586705833333333,0.002285934151794051,3.39297425,0.11581865092162372,5.400028935185186,2.67795869548738e-16,12
0.1,4.592,-0.7101875833333334,0.0002502654789913005,0.026574916666666667,0.0003373973122868406,0.0010989166666666667,2.807065175408277e-05,3.5e-06,2.3028309323591918e-07,0.2558993333333333,0.0026837982394172233,3.288342833333333,0.08752909969684312,5.400028935185186,2.67795869548738e-16,12
0.1,4.618,-0.7037245,0.00019105716659966634,0.024852083333333334,0.0003705265184623611,0.0009745833333333334,2.8423064240297535e-05,2.9166666666666666e-06,2.2890825651118375e-07,0.24731616666666667,0.00264355513561766,2.879223916666666,0.08472855266320134,5.400028935185186,2.67795869548738e-16,12
0.1,4.644,-0.6973913333333334,0.0002966546133063833,0.024875416666666667,0.000288523394837727,0.0009696666666666667,2.3998842564683076e-05,2.9166666666666666e-06,1.9299604852813632e-07,0.240591,0.0029733203840253417,2.8709786666666663,0.07238865450588039,5.400028935185186,2.67795869548738e-16,12
0.1,4.67,-0.6908094166666667,0.00014829809549101163,0.0244455,0.0003025283232420337,0.0009342499999999999,2.3920045163127522e-05,2.5833333333333333e-06,1.4864709750264081e-07,0.23148950000000001,0.00194523342254389,2.756997333333333,0.07004133196444468,5.400028935185186,2.67795869548738e-16,12
0.1,4.696,-0.6846871666666666,0.0001992307111432016,0.02368125,0.000275717030090305,0.0008863333333333333,2.0773064338710397e-05,2.333333333333333e-06,1.8802535827258875e-07,0.22880883333333335,0.002305994598515755,2.5882245833333335,0.06344642523832289,5.400028935185186,2.67795869548738e-16,12
0.1,4.722,-0.6791703333333333,0.00022626848939463415,0.02348575,0.0003274595308098113,0.0008623333333333333,2.3876047758489197e-05,2.083333333333333e-06,1.4864709750264084e-07,0.22200450000000002,0.0018860410697189689,2.510826916666667,0.06830702302177906,5.400028935185186,2.67795869548738e-16,12
0.1,4.748,-0.67377025,0.00010453005403696344,0.022580166666666665,0.0002641891492201308,0.0008024166666666667,1.9140809303895197e-05,1.8333333333333333e-06,1.1236664374387368e-07,0.2199645,0.001992548427227927,2.32044975,0.05612886169250035,5.400028935185186,2.67795869548738e-16,12
0.1,4.774,-0.6679798333333333,0.00018461761601053665,0.022646833333333335,0.0003121800139520644,0.0008027500000000001,2.0655223493725687e-05,1.8333333333333333e-06,1.1236664374387368e-07,0.21480591666666668,0.002117660224192319,2.31114575,0.05828781880710389,5.400028935185186,2.67795869548738e-16,12
0.1,4.8,-0.6620441666666667,0.00018747298121828007,0.02235558333333333,0.00025095485705157783,0.0007743333333333334,1.6643923876904812e-05,1.8333333333333333e-06,1.1236664374387368e-07,0.20607708333333333,0.0010728593729921782,2.1910425,0.03974931863042853,5.400028935185186,2.67795869548738e-16,12
0.2,3.0,-1.6935268333333333,0.0003665838990606535,0.7765410833333334,0.0001852333687104987,0.6031215,0.0002873853262739339,0.3640096666666666,0.0003460327172597127,0.9552413333333334,0.013546732641027305,0.4843471666666666,0.006020703678587208,4.80005787037037,2.67795869548738e-16,12
0.2,3.026,-1.6683338333333333,0.0005402892299687286,0.7668302499999999,0.00022383219245405666,0.5881430833333333,0.00034326475024771316,0.34618108333333336,0.0004038132905330272,0.9781606666666667,0.007169508945541669,0.5202639166666666,0.005014700567299276,4.80005787037037,2.67795869548738e-16,12
0.2,3.052,-1.6426732499999999,0.00037945195976926314,0.75660425,0.00020268482493165433,0.572576,0.00030700811853839833,0.3281311666666667,0.00035235063100797214,1.0135213333333333,0.015619584459481266,0.5684071666666667,0.009300641009053775,4.80005787037037,2.67795869548738e-16,12
0.2,3.078,-1.6160703333333333,0.0004929679799874693,0.74589025,0.00020718967759036436,0.5564879166666666,0.0003076832407548665,0.3099806666666667,0.00033968622627835696,1.0309228333333333,0.012903937817952946,0.6083680833333334,0.009653967861013931,4.80005787037037,2.67795869548738e-16,12
0.2,3.104,-1.5885381666666667,0.0005183268366542044,0.734503,0.0002867007731648648,0.5396455,0.00042057097732689134,0.2915415833333333,0.0004529326402914841,1.0624109166666666,0.01240507544250406,0.66725275,0.010318348501815794,4.80005787037037,2.67795869548738e-16,12
0.2,3.13,-1.5598899166666669,0.0005900101624488665,0.7223229999999999,0.00030272119386016375,0.5219245,0.0004360918985023561,0.2727675,0.0004530054434752195,1.136399,0.012564273022778075,0.76406025,0.009987282422346538,4.80005787037037,2.67795869548738e-16,12
0.2,3.156,-1.5311620833333333,0.0005505624459990344,0.70973175,0.0003525629134701311,0.5039040833333334,0.0005003002652700577,0.2542915,0.000504268063933292,1.12193675,0.015627207817896078,0.80457725,0.01356865712305776,4.80005787037037,2.67795869548738e-16,12
0.2,3.182,-1.5013856666666667,0.0006090697866833506,0.6963093333333333,0.0003243110724553937,0.4850551666666667,0.00045050740473067974,0.2356815,0.0004351371344272695,1.1746654166666668,0.014141939513514912,0.9006784166666666,0.01419665967672119,4.80005787037037,2.67795869548738e-16,12
0.2,3.208,-1.4705554166666666,0.00043000298551347445,0.6819109166666667,0.00036471367886398625,0.46523800000000004,0.0004960082935523634,0.21688300000000002,0.00045923025188071445,1.1981851666666667,0.018111401695513864,1.0089869166666665,0.021588806536573794,4.80005787037037,2.67795869548738e-16,12
0.2,3.234,-1.4380546666666667,0.0006918285863776458,0.6663904166666667,0.00035383715776776697,0.4443553333333334,0.0004671562961691779,0.19794458333333334,0.00040857116991270694,1.2937287499999999,0.023625240475006686,1.1876027500000002,0.03100423674252831,4.80005787037037,2.67795869548738e-16,12
0.2,3.26,-1.4064593333333333,0.0005881469788130136,0.6507099166666667,0.0003649415781043535,0.42371916666666665,0.000475633625766298,0.18003733333333335,0.0004049984349639291,1.252774,0.021070087674020466,1.2488456666666667,0.028811708853881055,4.80005787037037,2.67795869548738e-16,12
0.2,3.286,-1.3714104166666665,0.0008319614962165431,0.6323984166666666,0.00046257989413678226,0.4002678333333333,0.0005844348193603867,0.1607555833333333,0.000467520238718188,1.28801275,0.011822416665171476,1.4213916666666666,0.022761372909986657,4.80005787037037,2.67795869548738e-16,12
0.2,3.312,-1.3363356666666666,0.0009944916802166778,0.6132451666666666,0.0007296699111878793,0.3764745,0.0008891599499902515,0.14233958333333332,0.0006624218359645354,1.3592301666666666,0.019624578315034676,1.6658793333333335,0.03569083553925152,4.80005787037037,2.67795869548738e-16,12
0.2,3.338,-1.2990913333333334,0.0008527472034133598,0.5916919166666667,0.0004709971604227188,0.3505884166666666,0.0005505939280550681,0.1235885,0.0003785703069084095,1.4043163333333333,0.03308874804135757,2.0152182499999998,0.06775918227154128,4.80005787037037,2.67795869548738e-16,12
0.2,3.364,-1.2620089166666666,0.0014214508670898577,0.5688024166666666,0.0010601134691864372,0.32413783333333335,0.0011977682329645358,0.10583308333333334,0.0007691248219846565,1.4559318333333333,0.02163404934281079,2.4212284166666667,0.058542535410414806,4.80005787037037,2.67795869548738e-16,12
0.2,3.39,-1.2227980833333334,0.0012645025040315346,0.5434861666666667,0.0010612972681648405,0.29617008333333333,0.0011411314325433268,0.08863650000000001,0.000667287595305417,1.6040455833333331,0.03567524998966547,3.181824333333333,0.1307877256697611,4.80005787037037,2.67795869548738e-16,12
0.2,3.416,-1.1821065833333333,0.0006572222590977385,0.5146017500000001,0.0008785948847966899,0.265801,0.0008705062094012067,0.07166041666666667,0.00043712997266837094,1.6377092500000001,0.050910052434620746,3.95576975,0.253032312369273,4.80005787037037,2.67795869548738e-16,12
0.2,3.442,-1.1408299166666667,0.0012948297446191556,0.48274141666666665,0.001578398864875863,0.23434741666666667,0.001444225840951378,0.05608258333333333,0.0006210297345432576,1.67471325,0.06904718340821699,5.14304925,0.3802255935950378,4.80005787037037,2.67795869548738e-16,12
0.2,3.468,-1.09169925,0.002990712505369368,0.43753775,0.0037275747764485105,0.19366341666666667,0.0031501523879886367,0.0390825,0.0011740782425788195,1.8337600833333336,0.0776454512909392,8.256630083333333,0.7556996767258188,4.80005787037037,2.67795869548738e-16,12
0.2,3.494,-1.0411040833333334,0.002129205974700901,0.3817135,0.0031743351594539356,0.14951941666666665,0.0022898387182134225,0.02428075,0.0006732026589933805,2.00768425,0.09669086468758151,14.653138833333335,1.5622406932449373,4.80005787037037,2.67795869548738e-16,12
0.2,3.52,-0.9898029166666666,0.003887721533117527,0.30796,0.010099650778541051,0.10348891666666667,0.005035457493973225,0.013214083333333333,0.0008874587097380357,2.1205365833333336,0.11964206125852549,61.68225275,24.304230603929188,4.80005787037037,2.67795869548738e-16,12
0.2,3.546,-0.9311323333333333,0.0019243896763032782,0.19477641666666667,0.007508641075109611,0.04762416666666667,0.002407433333459206,0.0037530833333333335,0.00023160351630022004,1.5206695833333335,0.07806201109029597,85.119319,16.84304566168748,4.80005787037037,2.67795869548738e-16,12
0.2,3.572,-0.90199425,0.002400957912132851,0.15028575,0.00803724905647656,0.029336249999999998,0.0025318327836407724,0.00156375,0.0002100721061272231,0.9860588333333333,0.03992187103407243,70.6142125,10.022637809635683,4.80005787037037,2.67795869548738e-16,12
0.2,3.598,-0.8766583333333333,0.0014570649635760305,0.09896700000000001,0.004718955768541866,0.014578500000000001,0.0011613009065072433,0.0005253333333333333,7.214992107487791e-05,0.7428689166666667,0.03127536614456562,42.329457166666664,4.023867926340708,4.80005787037037,2.67795869548738e-16,12
0.2,3.624,-0.85968725,0.0007463203179905121,0.08833774999999999,0.003396744223528725,0.01173075,0.0008380902454209195,0.00035874999999999997,4.7666792487649154e-05,0.66607675,0.026898747615637663,40.133422583333335,2.81007461771831,4.80005787037037,2.67795869548738e-16,12
0.2,3.65,-0.8434939166666666,0.00037325814566876336,0.07021208333333333,0.002328396533246722,0.007550583333333334,0.0005045175381871119,0.000157,2.1506869938358174e-05,0.5423210833333333,0.01160966809907074,26.039946166666667,2.197685105248533,4.80005787037037,2.67795869548738e-16,12
0.2,3.676,-0.8283536666666667,0.0005068030568019874,0.0597,0.0018780687816171294,0.005463583333333333,0.000300722726875765,8.458333333333333e-05,9.557210773953756e-06,0.5138604166666666,0.007523901757629456,19.158234,1.1117081218871543,4.80005787037037,2.67795869548738e-16,12
0.2,3.702,-0.8164185,0.0005707797630249325,0.05336133333333334,0.002136896178521029,0.004413833333333333,0.0003296877731699764,5.458333333333333e-05,7.804872539224158e-06,0.46001091666666666,0.009310296684608354,15.412824416666666,1.2256679022573864,4.80005787037037,2.67795869548738e-16,12
0.2,3.728,-0.8042325,0.00035237438122748765,0.045872500000000004,0.0012055075474544721,0.0033659999999999996,0.00017160238572898334,3.466666666666667e-05,3.6811010649675253e-06,0.4363763333333333,0.004936227103791116,12.195052416666664,0.6567714375561583,4.80005787037037,2.67795869548738e-16,12
0.2,3.754,-0.7934184166666666,0.00047664320971633155,0.04503516666666666,0.0014101066305765532,0.0031830833333333333,0.0001976224000589268,3.0166666666666667e-05,3.866784219738697e-06,0.4151416666666667,0.007051594518084176,10.685159416666666,0.6095808103122557,4.80005787037037,2.67795869548738e-16,12
0.2,3.78,-0.7830399166666666,0.0002331433899508516,0.04261291666666667,0.001058600086580424,0.00281675,0.00012896135931731527,2.258333333333333e-05,2.0243155720770258e-06,0.39858683333333333,0.004191356095790141,10.038911,0.4717013147614354,4.80005787037037,2.67795869548738e-16,12
0.2,3.806,-0.7725788333333333,0.000409730248166557,0.03777708333333333,0.0007495068323857559,0.002208,9.427313637735961e-05,1.4083333333333333e-05,1.4378979466744172e-06,0.35928008333333333,0.005551508346029515,7.789571916666667,0.36213956668147895,4.80005787037037,2.67795869548738e-16,12
0.2,3.832,-0.76367175,0.0003032775038115786,0.03725016666666667,0.0009170538700125802,0.0021695833333333333,0.00010263545804192013,1.4166666666666668e-05,1.313296415417127e-06,0.3504695,0.004491908944103963,7.720423083333333,0.36589339519854147,4.80005787037037,2.67795869548738e-16,12
0.2,3.858,-0.7543664166666666,0.0003543075076466066,0.03452566666666667,0.0007964814891924748,0.0018564999999999999,8.168411996554443e-05,1.0416666666666666e-05,9.958880104173005e-07,0.33764475,0.0032865962915624588,6.544430666666667,0.27142129486546274,4.80005787037037,2.67795869548738e-16,12
0.2,3.884,-0.7455515833333334,0.0002693748784245843,0.032586333333333335,0.0005758341555929751,0.0016478333333333334,5.799971699687139e-05,7.666666666666667e-06,5.412294272573258e-07,0.3262161666666667,0.0025235945138238863,5.769737583333334,0.1995206962461599,4.80005787037037,2.67795869548738e-16,12
0.2,3.91,-0.7375735833333333,0.00018068784644666882,0.03210541666666667,0.00038671284582524897,0.0016233333333333334,4.6989736682975297e-05,8e-06,7.487363091276265e-07,0.31815925,0.003914253661832187,5.654193083333333,0.1565216028183978,4.80005787037037,2.67795869548738e-16,12
0.2,3.936,-0.72933775,0.0002903241690008922,0.030183500000000002,0.0005344095935107863,0.0014290833333333334,4.431916924566911e-05,5.833333333333333e-06,3.217690997211409e-07,0.30744108333333336,0.004366585935741696,4.990373916666667,0.15172727279909964,4.80005787037037,2.67795869548738e-16,12
0.2,3.962,-0.721292,0.0003078188664547028,0.030083416666666668,0.0005176634342764307,0.001425,5.1666031276640426e-05,6.083333333333333e-06,4.839598864752861e-07,0.2933361666666667,0.0031291057267196806,4.901027916666666,0.16847021749831986,4.80005787037037,2.67795869548738e-16,12
0.2,3.988,-0.7135991666666667,0.0002568734458283265,0.028473583333333333,0.0005665060038507889,0.0012686666666666666,4.591466612811822e-05,4.75e-06,3.046358979224713e-07,0.27864241666666667,0.003643373568753264,4.341992916666666,0.15442025856877176,4.80005787037037,2.67795869548738e-16,12
0.2,4.014,-0.7063733333333334,0.00015626717279367767,0.027215,0.0003612999467411413,0.0011606666666666666,2.8165725284609324e-05,4e-06,2.1320071635561048e-07,0.2750818333333333,0.0026475481963545416,3.968089916666667,0.10015844035247497,4.80005787037037,2.67795869548738e-16,12
0.2,4.04,-0.6994005,0.00028103492449850704,0.02677675,0.0005441969636329044,0.0011111666666666668,4.382054197508172e-05,3.6666666666666666e-06,3.0977345909486176e-07,0.26689875,0.003533792882761747,3.7398229166666668,0.15462235519035727,4.80005787037037,2.67795869548738e-16,12
0.2,4.066,-0.6927584166666666,0.000196967019941015,0.025780666666666664,0.0003919254013227776,0.0010509166666666668,2.9692478981735564e-05,3.333333333333333e-06,2.2473328748774734e-07,0.26294225,0.0024958498647451714,3.5418611666666666,0.09952228216850628,4.80005787037037,2.67795869548738e-16,12
0.2,4.092,-0.6860855,0.00017487928737135993,0.02608466666666667,0.0003306918215016526,0.0010770833333333333,2.5671130564204697e-05,3.416666666666667e-06,2.2890825651118378e-07,0.25664075000000003,0.002470594527654375,3.6165404166666666,0.08610772566450123,4.80005787037037,2.67795869548738e-16,12
0.2,4.118,-0.6790685,0.00015726803504998487,0.024829833333333332,0.00019218830859236985,0.0009609166666666667,1.307464486645195e-05,2.8333333333333335e-06,1.1236664374387368e-07,0.24704383333333332,0.0017772487753817583,3.1766209166666663,0.04906223360112326,4.80005787037037,2.67795869548738e-16,12
0.2,4.144,-0.6727988333333333,0.00017762063051300855,0.024164083333333336,0.00032842499393531866,0.0009173333333333334,2.4063468267282358e-05,2.5833333333333333e-06,1.4864709750264081e-07,0.23897608333333334,0.0027543251784716027,3.044973666666667,0.08024580135408702,4.80005787037037,2.67795869548738e-16,12
0.2,4.17,-0.66672725,0.00020669594581208724,0.02341008333333333,0.0002970818543037686,0.0008586666666666668,1.839191741669765e-05,2.25e-06,1.305582419667734e-07,0.23079783333333334,0.002031182145098183,2.8269021666666667,0.06161577676898961,4.80005787037037,2.67795869548738e-16,12
0.2,4.196,-0.66112325,0.0001922031014239115,0.02258925,0.00028078955575521684,0.00081075,2.0254488840299535e-05,2.083333333333333e-06,1.4864709750264084e-07,0.22726591666666665,0.0015223063864469512,2.653069916666667,0.06557318335339421,4.80005787037037,2.67795869548738e-16,12
0.2,4.222,-0.6546389166666667,0.0001994704906531617,0.022592833333333336,0.00021375456165018483,0.0008074166666666667,1.3419489633372875e-05,2e-06,1.2769502141415502e-22,0.22619858333333334,0.0013523071164670678,2.6339822500000003,0.04396102962940758,4.80005787037037,2.67795869548738e-16,12
0.2,4.248,-0.6489790833333333,0.0002374216125291846,0.022145666666666664,0.00030223433947782293,0.0007706666666666666,2.0100253779994968e-05,1.916666666666667e-06,1.486470975026408e-07,0.21671591666666667,0.0023198370712719197,2.4891402499999997,0.06628110677123666,4.80005787037037,2.67795869548738e-16,12
0.2,4.274,-0.6436000000000001,0.00016423800172956802,0.0217135,0.0002636593446096686,0.0007400833333333334,1.548237430568755e-05,1.6666666666666665e-06,1.4213381090374031e-07,0.21562358333333334,0.0021716094801361436,2.3778918333333334,0.05013676261031348,4.80005787037037,2.67795869548738e-16,12
0.2,4.3,-0.6381015833333333,0.00015267337180921748,0.02118325,0.00025468022507735977,0.0007081666666666667,1.6706392050755164e-05,1.5833333333333331e-06,1.4864709750264081e-07,0.20653983333333334,0.00170626574732808,2.26899475,0.054145212667044446,4.80005787037037,2.67795869548738e-16,12
0.3,2.4,-1.6294276666666667,0.0147534386686801,0.7610070833333333,0.06086986534433314,0.6202411666666666,0.05530475773273276,0.4185135,0.038021577878305644,0.7183208333333333,0.011137577026794371,2.116731833333333,1.7545079659696223,4.200086805555555,2.67795869548738e-16,12
0.3,2.428,-1.6235689166666667,0.00034121508497892246,0.8131813333333334,0.0002692884657347561,0.6613330833333334,0.00043803499684339945,0.43754333333333334,0.0005797384249936694,0.7434366666666667,0.011374573370176807,0.3876550833333334,0.006402085749686455,4.200086805555555,2.67795869548738e-16,12
0.3,2.456,-1.6021096666666665,0.00026042207388326166,0.8039166666666667,0.0003252282027106273,0.64635975,0.0005220080709494522,0.4179815,0.0006725193418419403,0.7799739166666666,0.00835171899422266,0.4309613333333333,0.006817898179117087,4.200086805555555,2.67795869548738e-16,12
0.3,2.484,-1.5651828333333333,0.014785278849213157,0.7331621666666667,0.06107957460259395,0.5788271666666667,0.05207695622474338,0.36507058333333336,0.033181731913504334,0.80960075,0.0104435725971912,2.5096113333333334,2.0454859383027864,4.200086805555555,2.67795869548738e-16,12
0.3,2.512,-1.5567456666666668,0.0003788166849652774,0.7837264166666666,0.00033907372619082385,0.6143188333333334,0.0005306527117664151,0.37761266666666665,0.0006503273340512006,0.8226083333333333,0.00812711984498491,0.4975433333333333,0.007202234630426669,4.200086805555555,2.67795869548738e-16,12
0.3,2.54,-1.5330745,0.000270363293747617,0.7728430833333334,0.00020397075170353515,0.5973865833333333,0.00031496427066086204,0.35711000000000004,0.00037550826162077424,0.8344245833333334,0.008537436359812793,0.5431870833333333,0.006904367084699202,4.200086805555555,2.67795869548738e-16,12
0.3,2.568,-1.5089409166666667,0.0003829112852854972,0.76159725,0.0003094385709097471,0.58014725,0.00047109926453503894,0.33684166666666665,0.000546302451657384,0.9057438333333333,0.008815422378400023,0.6241470833333334,0.00785624485483145,4.200086805555555,2.67795869548738e-16,12
0.3,2.596,-1.4836835833333335,0.00041847983294395917,0.7496265000000001,0.0003532552836894929,0.5620653333333333,0.0005296439961202822,0.316199,0.0005956643095712278,0.9128599166666667,0.009609690318740559,0.6611228333333333,0.010143477289755115,4.200086805555555,2.67795869548738e-16,12
0.3,2.624,-1.4577954166666667,0.00048132618969243756,0.7369668333333333,0.00032038447152750405,0.5432595,0.0004733134412166654,0.29543233333333335,0.0005168368146033051,0.9390223333333334,0.013036849515039202,0.7270640833333334,0.012572967852824427,4.200086805555555,2.67795869548738e-16,12
0.3,2.652,-1.4306236666666667,0.00044568995428832667,0.72330425,0.0004101006366697898,0.5233226666666667,0.0005921465616762932,0.274188,0.0006177879527357721,0.96661725,0.00763751141954709,0.7924611666666667,0.00943083307547508,4.200086805555555,2.67795869548738e-16,12
0.3,2.68,-1.40284575,0.00036244843154621047,0.7086565,0.0002837561506475334,0.5023703333333334,0.00039927626445048625,0.252729,0.00039586562228752757,1.0023056666666668,0.015320927507395514,0.90463,0.022421252804385894,4.200086805555555,2.67795869548738e-16,12
0.3,2.708,-1.3738030833333335,0.0005346557722715044,0.6930578333333334,0.0005075090062394411,0.48053341666666666,0.0007020244908351326,0.23130316666666664,0.0006723957938114672,1.04215225,0.015552444952543433,1.0280325,0.018295360627558672,4.200086805555555,2.67795869548738e-16,12
0.3,2.736,-1.3441047499999998,0.0005808528881322054,0.6767070833333334,0.0003311246551488892,0.4581605833333333,0.0004509449079153108,0.21032716666666665,0.0004188310180934216,1.0637921666666668,0.016821915234721093,1.1464710833333334,0.028061396713942227,4.200086805555555,2.67795869548738e-16,12
0.3,2.764,-1.3142533333333333,0.000742928789904314,0.6595516666666666,0.00043086650420338295,0.43526975,0.000563572104566449,0.189912,0.0004831402331088609,1.0971953333333333,0.026869681398550227,1.2971434166666667,0.04259446163181212,4.200086805555555,2.67795869548738e-16,12
0.3,2.792,-1.2808334166666666,0.0008690668668552858,0.6392304166666667,0.0007039226612384685,0.4089215,0.0008967741641657338,0.16771466666666668,0.0007289969170377219,1.1255593333333334,0.01232765217412717,1.486841,0.026328318581870836,4.200086805555555,2.67795869548738e-16,12
0.3,2.82,-1.2492859166666668,0.0008229325284240429,0.6196965,0.0005019233839276023,0.3843729166666667,0.0006182354957106295,0.14827633333333334,0.0004704561830840579,1.1898415,0.02900877270588183,1.6991478333333332,0.060631343158298046,4.200086805555555,2.67795869548738e-16,12
0.3,2.848,-1.2132894166666668,0.0008727094648133203,0.5952704166666667,0.0008007680352876105,0.3547943333333334,0.0009460267817124271,0.12650808333333333,0.0006633867702512944,1.24794025,0.025273275586688054,2.13782075,0.06117976598035483,4.200086805555555,2.67795869548738e-16,12
0.3,2.876,-1.1774840833333333,0.0013591843446354246,0.5695363333333333,0.001149305358936779,0.32492058333333335,0.0012882090542883555,0.10627625,0.0008146174332163528,1.28582625,0.024896400082087135,2.567936833333333,0.10399596463134296,4.200086805555555,2.67795869548738e-16,12
0.3,2.904,-1.1399059166666665,0.00108075490212147,0.5407305,0.0007705574674260586,0.29303691666666665,0.0008411841802639094,0.08661733333333332,0.0005046422875501398,1.3217561666666666,0.028042799092943136,3.0507810833333333,0.0924661561264984,4.200086805555555,2.67795869548738e-16,12
0.3,2.932,-1.1015035,0.0010441041143081278,0.5082190833333333,0.0010378753899800601,0.259256,0.000990552730611153,0.06817483333333334,0.0004654206444310635,1.4157216666666665,0.051513356720182854,4.514205416666667,0.39897341267534353,4.200086805555555,2.67795869548738e-16,12
0.3,2.96,-1.060665,0.0020183056800647985,0.47013808333333335,0.0020985105159927876,0.22226408333333333,0.0019456576027000328,0.050470999999999995,0.000851693562405179,1.4262145000000002,0.0296126519046464,5.5387501666666665,0.2032597291892528,4.200086805555555,2.67795869548738e-16,12
0.3,2.988,-1.0174726666666667,0.001784416903884485,0.42350316666666665,0.0024349766716365378,0.1813205,0.0019509603132661089,0.03419866666666666,0.0006646764801257248,1.5769725,0.06126308982793107,8.79190075,0.6911150640702568,4.200086805555555,2.67795869548738e-16,12
0.3,3.016,-0.9676014166666667,0.002549685870307843,0.3532835833333334,0.005830241494632303,0.12921025,0.003547086882270969,0.018583916666666665,0.0007845368683838481,1.764902,0.10514271649027596,18.45852475,2.79291728488618,4.200086805555555,2.67795869548738e-16,12
0.3,3.044,-0.916629,0.004227267605568749,0.25189216666666664,0.01191664730142525,0.073289,0.005368413260861532,0.007431,0.0007995965554672877,1.6441305833333333,0.06996333619133738,61.92734133333334,15.089590487826472,4.200086805555555,2.67795869548738e-16,12
0.3,3.072,-0.87398275,0.003531144269267229,0.15457983333333333,0.01417007537395392,0.032465,0.004845479272351486,0.0020653333333333335,0.00047143643058296646,1.0104643333333334,0.06834922960731996,88.99631900000001,15.91924331136651,4.200086805555555,2.67795869548738e-16,12
0.3,3.1,-0.8493905,0.0019781816011098935,0.10794741666666667,0.008196917077020513,0.017112333333333334,0.002234919083117062,0.0007119166666666667,0.00015644761241160866,0.764571,0.0451395007197385,62.26886591666667,6.22295146742249,4.200086805555555,2.67795869548738e-16,12
0.3,3.128,-0.8298554166666667,0.0006763897081176459,0.08522116666666667,0.0024256680455436845,0.01088875,0.0005972912228756108,0.000308,3.4026727462660615e-05,0.65598775,0.015820542055382816,41.080715166666664,3.4016750429833578,4.200086805555555,2.67795869548738e-16,12
0.3,3.156,-0.81442175,0.0006033733093026109,0.06809091666666667,0.002189858368390776,0.0072780833333333335,0.00046167748250649544,0.00015741666666666668,2.0646908321400647e-05,0.54730775,0.012340718237118723,29.741488500000003,1.9641545363899582,4.200086805555555,2.67795869548738e-16,12
0.3,3.184,-0.7993745833333333,0.0008872498064613243,0.056774333333333336,0.002539326474568492,0.005031083333333333,0.0004070303476574461,7.316666666666667e-05,1.144077856360371e-05,0.49122808333333334,0.010680050681881175,20.751804333333332,1.830886511080147,4.200086805555555,2.67795869548738e-16,12
0.3,3.212,-0.7854373333333333,0.000512800737089562,0.048321166666666665,0.0016197468088400345,0.003623166666666667,0.0002106277354226953,3.766666666666667e-05,3.8362966148581e-06,0.43623908333333333,0.0050167053951867616,14.568824583333333,0.9365176584060605,4.200086805555555,2.67795869548738e-16,12
0.3,3.24,-0.7741836666666666,0.0006998334902970925,0.048825249999999994,0.0011807576158333617,0.0036919166666666667,0.00018178043942230322,3.9166666666666665e-05,4.163028714867108e-06,0.41155483333333337,0.005603385620012751,15.390748083333333,0.8065133888733131,4.200086805555555,2.67795869548738e-16,12
0.3,3.268,-0.76205225,0.0004604710059802721,0.0404205,0.0014097435426561125,0.0025753333333333336,0.00018083343806727872,1.9666666666666666e-05,2.6208179770229887e-06,0.39337574999999997,0.0059912362551922714,10.510569166666667,0.7687514578088651,4.200086805555555,2.67795869548738e-16,12
0.3,3.296,-0.75191325,0.00047628912986469893,0.03847108333333333,0.0011482198175300266,0.002331083333333333,0.00013373716071670452,1.675e-05,2.0638482737279157e-06,0.3799238333333333,0.00567275605994622,9.41839875,0.5193929593569425,4.200086805555555,2.67795869548738e-16,12
0.3,3.324,-0.74096625,0.00033425609681436583,0.03683175,0.0009009838067777675,0.0020833333333333333,0.00010033408838938687,1.225e-05,1.2130914677347746e-06,0.3557251666666667,0.0028977297483451497,8.5179995,0.42214900365290925,4.200086805555555,2.67795869548738e-16,12
0.3,3.352,-0.7306911666666666,0.0002647782901396818,0.03395516666666667,0.0004841224775119648,0.00180225,5.1970726754529216e-05,9.5e-06,6.215815605080611e-07,0.34127675,0.0033479710095342522,7.37727725,0.21259702379053386,4.200086805555555,2.67795869548738e-16,12
0.3,3.38,-0.7214755833333334,0.00041392503087741455,0.03307225,0.0004427436861107215,0.0016995833333333333,4.750254512054373e-05,8e-06,5.504818825631803e-07,0.33180725,0.003276099036328624,6.817799,0.1915408554278837,4.200086805555555,2.67795869548738e-16,12
0.3,3.408,-0.7124581666666666,0.00032844578523461525,0.03047358333333333,0.0007710017240315326,0.0014599166666666667,7.18594438589471e-05,6.333333333333333e-06,6.31656472293207e-07,0.31775349999999997,0.005778235149850663,5.825681583333334,0.2888503517679904,4.200086805555555,2.67795869548738e-16,12
0.3,3.436,-0.70388075,0.00032887356244574653,0.029148999999999998,0.000575290177109594,0.0013270833333333335,5.106612741031837e-05,5.25e-06,5.093816810307346e-07,0.3059055,0.0019253598069876796,5.267767666666667,0.1978571302221184,4.200086805555555,2.67795869548738e-16,12
0.3,3.464,-0.6951007499999999,0.00036920625600021296,0.027839083333333334,0.00041693570935136183,0.0012166666666666667,3.633229078292963e-05,4.416666666666667e-06,3.5798961668820186e-07,0.29766775,0.0025168475686286854,4.805907666666667,0.1428349108762287,4.200086805555555,2.67795869548738e-16,12
0.3,3.492,-0.68715125,0.00035969541249886557,0.02699825,0.0003971329852260393,0.0011379166666666666,3.090955974837533e-05,3.6666666666666666e-06,1.8802535827258875e-07,0.2863776666666667,0.0029191021926460755,4.464701833333334,0.1179772118476529,4.200086805555555,2.67795869548738e-16,12
0.3,3.52,-0.679121,0.00024326316962698907,0.026731083333333332,0.00046790889521056524,0.0011176666666666668,4.0504270880932536e-05,3.75e-06,2.7866021451135645e-07,0.27564475,0.0027503535974461248,4.332419583333333,0.14867386879164957,4.200086805555555,2.67795869548738e-16,12
0.3,3.548,-0.6714948333333334,0.00023891801032271728,0.025245166666666666,0.00038482750628815465,0.0010093333333333332,3.061177564403621e-05,3.083333333333333e-06,1.9299604852813632e-07,0.26584225,0.0019944864119237544,3.836025083333334,0.12253256803962669,4.200086805555555,2.67795869548738e-16,12
0.3,3.576,-0.6641308333333333,0.0002607515894757731,0.02409233333333333,0.00037832310091622564,0.0009121666666666667,2.770237746424875e-05,2.5e-06,1.5075567228888186e-07,0.25874291666666666,0.0025486732004519545,3.4688429999999997,0.10851620137362257,4.200086805555555,2.67795869548738e-16,12
0.3,3.604,-0.6570889166666667,0.0002151433791942253,0.024127916666666666,0.00036887370463987724,0.0009125,2.6867097146712914e-05,2.4166666666666667e-06,1.9299604852813632e-07,0.25574566666666665,0.0024895892941478024,3.4127905,0.10171421093842177,4.200086805555555,2.67795869548738e-16,12
0.3,3.632,-0.6502391666666666,0.00030402065403653994,0.0240345,0.000501324193481321,0.0008978333333333333,3.600564630244215e-05,2.4166666666666667e-06,1.9299604852813635e-07,0.24087341666666665,0.0022479789692829385,3.390405083333333,0.1353638085766302,4.200086805555555,2.67795869548738e-16,12
0.3,3.66,-0.6430640833333333,0.00019515500670342365,0.023372833333333332,0.00031769481814273817,0.000857,2.2954170413977923e-05,2.083333333333333e-06,1.4864709750264084e-07,0.23973416666666666,0.002141368501234854,3.2151597499999998,0.08359200989366448,4.200086805555555,2.67795869548738e-16,12
0.3,3.688,-0.63653725,0.00034560765820376547,0.021929166666666666,0.0002427063581009493,0.0007645833333333334,1.6735671543747566e-05,1.8333333333333333e-06,1.1236664374387368e-07,0.23146416666666667,0.001795318828076073,2.8534311666666667,0.06166732087026042,4.200086805555555,2.67795869548738e-16,12
0.3,3.716,-0.6299541666666667,0.00023786289128509006,0.02156066666666667,0.00030221676781322826,0.0007323333333333334,1.846262946789234e-05,1.5833333333333331e-06,1.4864709750264081e-07,0.22568875,0.002143394112167839,2.7053875833333336,0.06581093307616472,4.200086805555555,2.67795869548738e-16,12
0.3,3.744,-0.6242271666666667,0.00022994175261565946,0.020570333333333333,0.00021473871838054056,0.0006695833333333333,1.0992048319700301e-05,1.1666666666666666e-06,1.1236664374387367e-07,0.22146791666666665,0.003167979205955853,2.4588408333333334,0.03922615465705621,4.200086805555555,2.67795869548738e-16,12
0.3,3.772,-0.6175926666666667,0.00015647903012444594,0.020517416666666666,0.0002758124763239683,0.00067075,1.7058333518378708e-05,1.3333333333333332e-06,1.421338109037403e-07,0.21560733333333335,0.0020832320545079224,2.4439000833333333,0.06325654060570246,4.200086805555555,2.67795869548738e-16,12
0.3,3.8,-0.61186325,0.00029045043714787816,0.020291416666666666,0.0002327940778929314,0.0006468333333333334,1.3182767294288164e-05,1e-06,6.384751070707751e-23,0.2099720833333333,0.0018805659265003559,2.332037833333333,0.0465566934338928,4.200086805555555,2.67795869548738e-16,12
0.4,1.8,-1.5431854999999999,0.0003341876740921908,0.8595003333333334,0.0002888930895188013,0.7387818333333334,0.0004963670262491954,0.54591975,0.0007327543939779151,0.5224146666666667,0.004990051623181884,0.30739158333333333,0.004862519228688837,3.600115740740741,0.0,12
0.4,1.828,-1.5214970833333332,0.007115599236311231,0.8196028333333333,0.03250671184746065,0.689892,0.03624398764225759,0.49791158333333335,0.02949427556001291,1.6163005000000001,1.083820829642209,49.30466175,48.981646695666726,3.600115740740741,0.0,12
0.4,1.856,-1.5132388333333333,0.0002777200419796316,0.8440155833333334,0.0003205364220389487,0.71241075,0.000540876801143433,0.5076674166666667,0.0007702272535401221,0.5577503333333333,0.0074233458971060245,0.3540006666666667,0.0070998183068229975,3.600115740740741,0.0,12
0.4,1.884,-1.4865553333333335,0.010602522110137732,0.7681783333333333,0.06730153684941326,0.63999725,0.05808193164377018,0.4468355,0.04062568112930166,0.5744367499999999,0.005634230640556424,0.9837975833333333,0.610342162559341,3.600115740740741,0.0,12
0.4,1.912,-1.4700954166666669,0.010704411674390304,0.76532875,0.061886054494741674,0.6280394166666666,0.05630446184933577,0.42944999999999994,0.03904060631864306,0.5976058333333333,0.00839713792044948,1.4359556666666666,1.031822822388019,3.600115740740741,0.0,12
0.4,1.94,-1.4637719999999999,0.0004331415368088064,0.8180301666666666,0.00040525915452119113,0.6692359166666667,0.0006629965658571602,0.44804466666666665,0.0008876153047874586,0.6233361666666667,0.008214431313274522,0.4341864166666667,0.007255195293675332,3.600115740740741,0.0,12
0.4,1.968,-1.4459992499999998,0.0004145224913479793,0.8083135,0.00036607994035084044,0.6534393333333334,0.0005918206287091205,0.42716200000000004,0.0007737501260586392,0.641988,0.005973123294721064,0.471403,0.007732095409670164,3.600115740740741,0.0,12
0.4,1.996,-1.4277178333333334,0.0004484481293834055,0.7982981666666666,0.00043782331487771,0.6373569166666667,0.0006985043812180445,0.4064205,0.0008892319080890192,0.6680734166666666,0.009994378800756201,0.5200986666666667,0.009889545278890854,3.600115740740741,0.0,12
0.4,2.024,-1.4086251666666667,0.0004242873317682066,0.7876599999999999,0.0004602288133157858,0.6204923333333333,0.0007247475666420278,0.3852181666666667,0.0008990495809408396,0.69004925,0.010323864032546148,0.5563589166666666,0.011227877133102025,3.600115740740741,0.0,12
0.4,2.052,-1.3888429999999998,0.0005262750893752958,0.7764811666666667,0.0005590604785592271,0.6030195833333333,0.0008677774070327966,0.36386558333333335,0.0010459254018993832,0.7349586666666666,0.014874717552364693,0.62850775,0.014032628572488092,3.600115740740741,0.0,12
0.4,2.08,-1.357807,0.010540370471035006,0.7050240833333333,0.059775866326619256,0.53656275,0.04845938342088349,0.3139446666666667,0.028547369743068714,0.741596,0.007677387437379749,2.3791195000000003,1.7215078500572063,3.600115740740741,0.0,12
0.4,2.108,-1.3469790000000001,0.0005463886673033968,0.7520871666666666,0.00046960353738365095,0.5657488333333334,0.0007066409532914784,0.32032825,0.0008003211109809742,0.7593285000000001,0.013053713144391545,0.728879,0.013253941818465662,3.600115740740741,0.0,12
0.4,2.136,-1.3249899166666668,0.0006279231454894918,0.73866175,0.0005930588672937631,0.5457483333333334,0.0008745413285565932,0.29811875,0.0009514291333742808,0.79585375,0.010610805013390697,0.7992793333333333,0.012629212931241056,3.600115740740741,0.0,12
0.4,2.164,-1.30198125,0.0005268999405470464,0.7244710833333333,0.000566057142665502,0.5250058333333333,0.000818569519393927,0.2759395,0.000856429528845655,0.8310630833333333,0.012461391311408021,0.9190240833333333,0.01677235801326474,3.600115740740741,0.0,12
0.4,2.192,-1.2785730833333333,0.0004972231445028334,0.7095152499999999,0.000583340642270229,0.5035738333333334,0.0008253966799623889,0.25391166666666665,0.0008269480337391525,0.8476165833333332,0.014367790073558755,0.9978726666666667,0.022845330290473108,3.600115740740741,0.0,12
0.4,2.22,-1.2543641666666667,0.000507127095917922,0.6936176666666666,0.000486354222036707,0.4812910833333333,0.0006734665911303136,0.2319973333333333,0.0006467272191268866,0.8879829166666666,0.019505169959742975,1.1392785833333334,0.028595241560456935,3.600115740740741,0.0,12
0.4,2.248,-1.22896275,0.000530101607255773,0.6764088333333333,0.0005461374956376993,0.45774075,0.0007356246791405278,0.20991266666666666,0.0006685509129694783,0.9198891666666666,0.014042878378884488,1.2818668333333334,0.029781480682106575,3.600115740740741,0.0,12
0.4,2.276,-1.2027949166666667,0.0005704048862143213,0.6581692499999999,0.0005049883755787778,0.4334265,0.0006612274799968858,0.18827191666666665,0.0005680310952106967,0.9269245,0.01988929491471594,1.4387331666666665,0.04777178474216785,3.600115740740741,0.0,12
0.4,2.304,-1.1756116666666667,0.0009271998030346402,0.6379385833333333,0.0010372783257767716,0.40725991666666667,0.001314753528338214,0.16633625,0.0010587896472130118,0.9652043333333333,0.015844817698987313,1.6948834166666666,0.04696585126474444,3.600115740740741,0.0,12
0.4,2.332,-1.1464918333333334,0.0007948738401263284,0.6149904166666667,0.000796581145958128,0.3785569166666667,0.0009734044711835911,0.14382124999999998,0.0007288968431503495,1.02805025,0.01872525841231449,1.9947180833333331,0.0523842298047248,3.600115740740741,0.0,12
0.4,2.36,-1.1168984166666667,0.0007836579577999835,0.5909546666666666,0.001055666056682854,0.34966433333333335,0.0012476242595145749,0.1228685,0.0008751290510893843,1.08651875,0.024711210342837416,2.487364,0.08772460486987536,3.600115740740741,0.0,12
0.4,2.388,-1.087639,0.0008761811767810605,0.565738,0.0014360621135380617,0.32058491666666666,0.001620049879789214,0.10344016666666667,0.001035476700594826,1.1111805,0.02309801012303743,2.9107326666666666,0.10018510470815431,3.600115740740741,0.0,12
0.4,2.416,-1.0539590833333332,0.0010038962841691717,0.5331408333333333,0.001166378348573138,0.2849204166666667,0.0012401596821568883,0.0819445,0.0007064830682738092,1.1911511666666668,0.01897908187972946,3.8120035,0.08483611020592126,3.600115740740741,0.0,12
0.4,2.444,-1.0218941666666665,0.00117184756890454,0.5011648333333333,0.0013296702304395577,0.252012,0.0012982800510325555,0.06434208333333334,0.0006280067850715943,1.1972245833333333,0.04570266012738281,4.674671666666667,0.3431935199357852,3.600115740740741,0.0,12
0.4,2.472,-0.9890795,0.0016337505489090506,0.4636226666666667,0.0030816986936402203,0.21613483333333336,0.0027870715266107627,0.04770883333333333,0.0011675520871732557,1.1992995833333333,0.044670068837153534,6.0639269166666665,0.4196502598837596,3.600115740740741,0.0,12
0.4,2.5,-0.9518060833333334,0.001061391963830436,0.41419758333333334,0.0022533462472453603,0.17349408333333335,0.001821940334561486,0.0313625,0.0006241455189199702,1.3498461666666666,0.059394246505338116,10.388277666666667,0.914566710416496,3.600115740740741,0.0,12
0.4,2.528,-0.9088392500000001,0.0022640262811844565,0.33457374999999995,0.007995821187122647,0.1178845,0.004155567055532891,0.015754416666666667,0.0008637797090302152,1.4615630833333333,0.1263583649741731,32.70215558333333,11.4188783095663,3.600115740740741,0.0,12
0.4,2.556,-0.8703995833333332,0.002147230765774812,0.24990216666666668,0.00956699127669634,0.07006858333333334,0.004383320260595207,0.0064875,0.0006182008781598227,1.2524469999999999,0.056895784765044796,37.2756265,3.896917131285159,3.600115740740741,0.0,12
0.4,2.584,-0.8348391666666667,0.0026154996881450512,0.15150166666666667,0.01154174483181058,0.030085416666666667,0.003873892169026841,0.0016714166666666665,0.00034935868644264353,0.8228401666666666,0.05245564746538381,98.1402345,17.168039178992952,3.600115740740741,0.0,12
0.4,2.612,-0.8129435833333334,0.001143209937627337,0.10286983333333333,0.0057366909634035505,0.015329583333333334,0.0012887938186321522,0.00054125,6.020975016682527e-05,0.6848415,0.01968522451958229,58.50001841666667,7.168009154732524,3.600115740740741,0.0,12
0.4,2.64,-0.7954178333333334,0.0010914474808873548,0.08119766666666667,0.005538431551486852,0.009693666666666666,0.001201432625466511,0.0002285,4.77326043198097e-05,0.5565139166666667,0.015364789118580819,47.330815,6.542709357166379,3.600115740740741,0.0,12
0.4,2.668,-0.77969125,0.0006195408750303182,0.058791,0.0027237815318658246,0.005403666666666667,0.0004751270856042071,8.558333333333333e-05,1.4657947649412906e-05,0.50154975,0.013182508116603542,24.489476,2.1629730700797944,3.600115740740741,0.0,12
0.4,2.696,-0.7666605,0.00064393389106383,0.054082500000000006,0.0025169425521068337,0.0045400833333333335,0.0003724331231065098,5.916666666666667e-05,8.844475534182197e-06,0.4833988333333334,0.005287900995373183,21.71565425,1.7260222078638674,3.600115740740741,0.0,12
0.4,2.724,-0.754092,0.0005619183592162194,0.04808408333333333,0.0015562404311904115,0.003652833333333333,0.00023129244355240931,4.0583333333333335e-05,6.1280012230660486e-06,0.43249775,0.005031699988534808,17.858989666666666,1.1661232867601101,3.600115740740741,0.0,12
0.4,2.752,-0.74195075,0.0005650635540147291,0.042424666666666666,0.0014439446514896812,0.0028423333333333334,0.00018646639689691324,2.4250000000000003e-05,3.2732270241330884e-06,0.40685808333333334,0.00593411269624979,13.709874416666667,0.8219643316357843,3.600115740740741,0.0,12
0.4,2.78,-0.7305858333333334,0.0005036249030074782,0.04052558333333333,0.0009164135914426457,0.002461416666666667,0.00010254950455189135,1.5916666666666666e-05,1.2026380934588692e-06,0.38410541666666664,0.004100689802390485,11.688985416666666,0.4729659162665002,3.600115740740741,0.0,12
0.4,2.808,-0.7203334166666666,0.00046975460160846044,0.035500583333333335,0.0006971811583444471,0.0019958333333333334,7.281845767233592e-05,1.2e-05,7.487363091276265e-07,0.3711075,0.0068982806679811475,9.579007416666666,0.3474935278754049,3.600115740740741,0.0,12
0.4,2.836,-0.7099593333333334,0.0004508935292809986,0.033396,0.0006963864631514647,0.0017748333333333333,7.71594014513023e-05,9.75e-06,9.856931110091565e-07,0.35216358333333336,0.005132854372271285,8.474859,0.3702646077916932,3.600115740740741,0.0,12
0.4,2.864,-0.70034575,0.00042891037286890926,0.03202475,0.0009729949790038317,0.0016245833333333331,9.44526062278449e-05,8.083333333333333e-06,9.727992515613814e-07,0.3427119166666666,0.004664337905625354,7.67896375,0.4459661022189359,3.600115740740741,0.0,12
0.4,2.892,-0.6910653333333333,0.00036756319459407057,0.03147883333333334,0.0006813691411897492,0.0015565,6.276996241689318e-05,7.083333333333334e-06,5.429762723390704e-07,0.32326099999999997,0.0026908504682394076,7.35594525,0.289410286306407,3.600115740740741,0.0,12
0.4,2.92,-0.6820651666666667,0.0003496514245457473,0.028721833333333335,0.0004260048874618859,0.0012784166666666666,3.817711085099674e-05,4.666666666666666e-06,3.333333333333334e-07,0.31165,0.0032606196009068882,5.986419000000001,0.16719028221202442,3.600115740740741,0.0,12
0.4,2.948,-0.6733538333333334,0.0003048009741427722,0.026735333333333333,0.00041968470007226576,0.0011229166666666668,3.413286391426742e-05,3.6666666666666666e-06,2.562353715952692e-07,0.30314966666666665,0.002985371496940954,5.1579545,0.15117372498790818,3.600115740740741,0.0,12
0.4,2.976,-0.6650248333333334,0.00042451424706315365,0.025962166666666665,0.0004495744255864808,0.0010571666666666665,3.5020088030394294e-05,3.416666666666667e-06,2.2890825651118378e-07,0.29524275,0.003520317638313509,4.880463583333333,0.16072313671226104,3.600115740740741,0.0,12
0.4,3.004,-0.6571319166666667,0.0003812407069574447,0.025159166666666666,0.0003749886833309275,0.00099775,2.602042466986271e-05,3.083333333333333e-06,1.486470975026408e-07,0.2886250833333333,0.002487576222247249,4.5620905,0.12356014639722854,3.600115740740741,0.0,12
0.4,3.032,-0.6491074166666667,0.00038491137229263806,0.02459475,0.0003581510203937591,0.0009544999999999999,3.123723981908696e-05,2.7500000000000004e-06,2.7866021451135645e-07,0.27756966666666666,0.002621435239934742,4.308077,0.1416793825844648,3.600115740740741,0.0,12
0.4,3.06,-0.6413879166666666,0.0003025636286282402,0.02373241666666667,0.00040356041300460135,0.0008841666666666667,2.8819141716798744e-05,2.4166666666666667e-06,1.4864709750264081e-07,0.26558258333333334,0.004332288686655149,3.9788376666666667,0.12776035305307934,3.600115740740741,0.0,12
0.4,3.088,-0.6340031666666667,0.0002829730374063732,0.022871666666666665,0.0002638997839324541,0.0008156666666666667,1.5907085010628242e-05,2e-06,1.2769502141415502e-22,0.26010475,0.0029390212376278054,3.6208507500000002,0.06853958777907945,3.600115740740741,0.0,12
0.4,3.116,-0.6269975,0.00028707050923549655,0.02223825,0.00033781800113957724,0.0007785,2.1829053478279267e-05,1.8333333333333333e-06,1.1236664374387368e-07,0.25267066666666665,0.0025670866234553166,3.4311054166666666,0.09278572255793374,3.600115740740741,0.0,12
0.4,3.144,-0.6198745833333333,0.00021417213617588632,0.02142266666666667,0.00021112484936691375,0.0007180833333333333,1.571597254163079e-05,1.4166666666666667e-06,1.486470975026408e-07,0.24486191666666668,0.002856055654374376,3.1294115833333334,0.07031791606237651,3.600115740740741,0.0,12
0.4,3.172,-0.6130298333333334,0.0002798137051610564,0.020783,0.00022089730920072599,0.0006752500000000001,1.4039514042353978e-05,1.2499999999999999e-06,1.305582419667734e-07,0.23533133333333334,0.00158385065551961,2.9235073333333332,0.06144834260165117,3.600115740740741,0.0,12
0.4,3.2,-0.6068796666666666,0.0003184581541735025,0.020953166666666665,0.00014901941267343448,0.0006883333333333333,1.0007068209091718e-05,1.3333333333333332e-06,1.4213381090374031e-07,0.23159933333333335,0.002821353007500001,2.943289416666667,0.04206754878501564,3.600115740740741,0.0,12
0.5,1.3,-1.3550277499999999,0.0002196966960552014,0.8653585833333333,0.0002929591309363632,0.7488805833333334,0.0005069472427624452,0.5609275,0.0007590816970045222,0.3756755,0.00420595480007846,0.3638476666666666,0.005999528392239921,3.0,0.0,12
0.5,1.328,-1.3376675,0.00640387699745122,0.80411825,0.053255995761769884,0.6778715833333333,0.05725846329403911,0.49568075,0.04485125080704483,0.3936185833333334,0.003904671686152554,0.6975268333333333,0.3107147066851957,3.0,0.0,12
0.5,1.356,-1.3328111666666667,0.0002811706274082957,0.8494574166666666,0.00034372018787162326,0.7216199166666666,0.0005838677005905804,0.5208566666666666,0.0008426020155243289,0.40669991666666666,0.007402770773714162,0.41575908333333333,0.008198690169276612,3.0,0.0,12
0.5,1.384,-1.31413925,0.006745044138190369,0.7766781666666667,0.06428626615863366,0.6488751666666667,0.05839379942693082,0.4586665833333334,0.041699113487135495,0.42611466666666664,0.0039921729716225415,2.7278218333333335,2.2795632988325716,3.0,0.0,12
0.5,1.412,-1.3019610000000001,0.006591152403032416,0.7649738333333334,0.06698739680589781,0.6346175,0.05759383047142474,0.43935075,0.039948374586178746,0.45018050000000004,0.0043075647245352676,0.8356754999999999,0.3577478044961855,3.0,0.0,12
0.5,1.44,-1.2954978333333333,0.00025182891117790765,0.8224986666666667,0.0003607481563684407,0.67656025,0.0005935266980413575,0.45788625,0.0008032467933237257,0.4833538333333333,0.005031411695437957,0.5271045833333333,0.0071839131233973185,3.0,0.0,12
0.5,1.468,-1.2679473333333333,0.009516053727010658,0.7069635833333333,0.0721439222488377,0.5577143333333333,0.06953318669574735,0.3645549166666667,0.04861138948823251,0.5066545,0.006294569259217895,6.2598725,4.671191113982347,3.0,0.0,12
0.5,1.496,-1.2609051666666666,0.0068046126621816826,0.7390883333333332,0.06308752279179339,0.5901561666666667,0.05340155714572735,0.37981016666666667,0.03454084838271167,0.5146705833333333,0.008065179385611704,1.4115869166666668,0.8013058522632165,3.0,0.0,12
0.5,1.524,-1.25303475,0.00045933431947270674,0.7910237499999999,0.0005013564347061012,0.6257936666666667,0.0007925184763483681,0.3918065,0.0009905459200344852,0.5455475833333333,0.005299586614036206,0.65899225,0.008221043794899255,3.0,0.0,12
0.5,1.552,-1.2375704166666666,0.00043205989095112363,0.7793856666666666,0.0004931970890900193,0.6075238333333334,0.0007680460335135977,0.36928425,0.000931512090432116,0.55400625,0.0072257060587425275,0.7064290833333334,0.01376993904305203,3.0,0.0,12
0.5,1.58,-1.2175196666666668,0.004233087660492528,0.7421876666666667,0.02513990374892176,0.56211675,0.026773882831042248,0.3283588333333333,0.01866761725873677,1.1052443333333333,0.5178935085939459,37.815953916666665,37.02081663892236,3.0,0.0,12
0.5,1.608,-1.2047655,0.0004074593026712399,0.7538378333333333,0.00045613899784334693,0.5683745833333333,0.0006868671903996272,0.3232836666666667,0.0007791913964638164,0.600244,0.008033720091909571,0.8660694166666666,0.021254093745233814,3.0,0.0,12
0.5,1.636,-1.1802111666666668,0.007212451353581371,0.6894876666666666,0.05054383543734262,0.50451425,0.043253703260289364,0.2754626666666667,0.024852469095472472,0.6241679166666666,0.009009107700962983,8.915369666666667,7.963223665690848,3.0,0.0,12
0.5,1.664,-1.1628290833333332,0.0063806797520212155,0.67004275,0.05521681652443215,0.48294016666666667,0.04320075509560925,0.25402874999999997,0.023088501932493205,0.6626345833333334,0.0086379929859387,4.7135325833333335,3.6049439348885888,3.0,0.0,12
0.5,1.692,-1.1474910833333334,0.002916788337180825,0.6921563333333333,0.017370116664239568,0.48766116666666665,0.01592727908948809,0.24477000000000002,0.009155812603990645,1.2846058333333332,0.59273193606326,42.99140058333334,41.78562089386391,3.0,0.0,12
0.5,1.72,-1.13036725,0.0005927322856905998,0.6922761666666667,0.000801169333228037,0.47942216666666665,0.0011060128967502025,0.23018175,0.0010550386760467814,0.7103106666666666,0.014910417697507386,1.3571699166666666,0.03901436930671677,3.0,0.0,12
0.5,1.748,-1.1100576666666666,0.000662087439676808,0.6742271666666667,0.0008611537612442128,0.45479258333333333,0.0011590843529473915,0.20721725000000002,0.0010512674970618988,0.7561240833333334,0.009473426527588164,1.5976844166666666,0.04128627821327462,3.0,0.0,12
0.5,1.776,-1.0887342500000001,0.0005508100800804057,0.6546690000000001,0.0007670768303347221,0.42883150000000003,0.0010024284037004625,0.18430525,0.0008572964739914548,0.7856266666666666,0.00922685809268931,1.8153447500000002,0.03917808309291341,3.0,0.0,12
0.5,1.804,-1.0673260833333333,0.0005249643632686137,0.6346055,0.0007295314343031211,0.40299308333333334,0.0009218020761261639,0.16283508333333332,0.0007376415781756998,0.8124639166666666,0.01851206273170827,2.0166834166666665,0.07054237143242333,3.0,0.0,12
0.5,1.832,-1.0429333333333333,0.0006029172682244448,0.60914925,0.0009132172824274838,0.3714051666666667,0.0011065182140754895,0.13844416666666667,0.0008148900728368714,0.8574588333333333,0.013818648192795943,2.511984,0.10225290341317571,3.0,0.0,12
0.5,1.86,-1.0202188333333333,0.000665205537082831,0.5858875833333334,0.0009248535220495624,0.34366766666666665,0.001080512563087489,0.11865716666666666,0.000741406421824921,0.8946133333333334,0.021552252642699495,2.927259083333333,0.12409588607064485,3.0,0.0,12
0.5,1.888,-0.9946884166666666,0.0005823702542241066,0.5568325833333333,0.0010775314623708194,0.31054383333333335,0.0011953231136222545,0.09702933333333334,0.0007397880668396754,0.9056841666666666,0.02568927133886279,3.43243625,0.13547283216650496,3.0,0.0,12
0.5,1.916,-0.9680338333333333,0.0006494221421285748,0.52327025,0.0015573871481319834,0.2744230833333333,0.0016218918268039737,0.07597066666666667,0.0008845793927173538,0.9147635,0.02087329025642071,4.219723666666667,0.19721785744566742,3.0,0.0,12
0.5,1.944,-0.9414489166666667,0.0010053558276937468,0.48838408333333333,0.00286209060975707,0.23943716666666667,0.0026819662162960844,0.05816983333333334,0.001208004620910621,0.9663981666666667,0.03217356177069343,5.8905674999999995,0.691385908829784,3.0,0.0,12
0.5,1.972,-0.9131741666666667,0.0008888650052031251,0.44584025,0.0022967926257131486,0.199912,0.00201233406995233,0.04085283333333333,0.0007913571372565411,0.9886326666666667,0.025535522959064878,7.573428,0.5781107342892358,3.0,0.0,12
0.5,2.0,-0.88220775,0.0012976127155163416,0.38800966666666664,0.004145225273209719,0.15290341666666665,0.0029815972774884024,0.024617833333333335,0.0008567273162707282,1.0817940833333333,0.05468570440992761,14.949301666666665,2.0498417175478614,3.0,0.0,12
0.5,2.028,-0.84894225,0.0022418947483100094,0.30009075,0.01707677405492929,0.09726966666666666,0.007937332040058639,0.011302,0.0011616729315947758,1.0112750833333333,0.049249112967624645,30.084897499999997,8.770662718293945,3.0,0.0,12
0.5,2.056,-0.8156785000000001,0.0013705652588577768,0.18380883333333334,0.012514214015944776,0.04277458333333334,0.004539752845792802,0.0031135,0.0004785830648905162,0.9567118333333333,0.05282573819886524,118.27563725,28.24032589423072,3.0,0.0,12
0.5,2.084,-0.7921569166666668,0.0014120569375288084,0.11184075,0.008899260642701865,0.018006083333333336,0.002543366301441474,0.0007581666666666666,0.0001879741210965494,0.6647735833333334,0.03422150510089497,90.71342233333333,18.607847165112958,3.0,0.0,12
0.5,2.112,-0.7758770833333334,0.0010489730436662257,0.09410691666666667,0.008909332407444365,0.013358416666666666,0.002157466104436621,0.00043699999999999994,0.00010817151084077434,0.592233,0.02833796504824857,57.46476191666667,8.980311349692094,3.0,0.0,12
0.5,2.14,-0.7609686666666667,0.0006774307784533847,0.07181975,0.004215121591626625,0.007802833333333333,0.0007565353927643112,0.00015391666666666668,2.4655953345055138e-05,0.5195849166666667,0.014026247166207737,35.769387333333334,2.404904751635673,3.0,0.0,12
0.5,2.168,-0.7466761666666667,0.00047380922246504877,0.05987633333333333,0.003087822863338106,0.0052443333333333335,0.0005264707153692541,6.858333333333332e-05,1.2968761028959654e-05,0.4739528333333333,0.007777088614363126,31.33090891666667,2.8069306187976353,3.0,0.0,12
0.5,2.196,-0.7334873333333333,0.0005870834091446716,0.046496583333333334,0.001298193952091703,0.0032349166666666668,0.0001681629106557151,2.7333333333333335e-05,2.70894515233953e-06,0.44566191666666666,0.006067491082584917,19.345169083333335,1.029880117374888,3.0,0.0,12
0.5,2.224,-0.7212465833333334,0.0004384327711556618,0.040933500000000005,0.0018031212227522016,0.002626166666666667,0.00021709943376576121,1.975e-05,3.022955106474057e-06,0.4122383333333333,0.004438953043935317,15.102962083333333,1.1780664274606185,3.0,0.0,12
0.5,2.252,-0.7101588333333333,0.0004659888936336338,0.03995033333333333,0.0014221901288598026,0.0024593333333333333,0.00017224398363655525,1.6916666666666667e-05,2.4570810883541218e-06,0.39639416666666666,0.005259429587738944,14.456423916666665,1.0970935289595694,3.0,0.0,12
0.5,2.28,-0.6994264166666667,0.0004683556738713368,0.038123333333333335,0.001057603747567437,0.00227575,0.0001153159773024195,1.4916666666666667e-05,1.509858177833838e-06,0.38691458333333334,0.006480179690805362,12.855584666666665,0.7981614051055499,3.0,0.0,12
0.5,2.308,-0.68872425,0.00038743097381301094,0.03510133333333333,0.0005691781865820297,0.00189875,6.684164064595083e-05,1.05e-05,8.833476270999036e-07,0.36914725,0.004953567262398489,10.983495666666668,0.4298238046206794,3.0,0.0,12
0.5,2.336,-0.6785254166666667,0.00042645601674401196,0.03113508333333333,0.0009990801940871275,0.0015255833333333334,0.00010231668443680834,7e-06,9.84731927834662e-07,0.35427433333333336,0.0025493151674974074,8.702722333333334,0.6051300142814332,3.0,0.0,12
0.5,2.364,-0.6692745000000001,0.00038474234786727636,0.029531416666666668,0.00048045868958630555,0.001354,4.67279359698243e-05,5.333333333333333e-06,3.956837835515332e-07,0.33384025,0.0026849044763917543,7.78483025,0.2980759633859404,3.0,0.0,12
0.5,2.392,-0.6600319166666667,0.00035181336431136545,0.02905458333333333,0.0007952731230701678,0.0013317499999999998,7.236755143018177e-05,5.25e-06,5.78988145584409e-07,0.3249218333333333,0.004342796801380514,7.4690978333333335,0.37132561466572206,3.0,0.0,12
0.5,2.42,-0.6510003333333333,0.00038916574200137,0.026636499999999997,0.00046026903364590287,0.001114,3.477786652455841e-05,3.5e-06,2.3028309323591918e-07,0.31066541666666664,0.002125916998074483,6.23619075,0.21341755116963632,3.0,0.0,12
0.5,2.448,-0.6423454166666667,0.00030775788541539034,0.025263583333333336,0.00038962791998951206,0.0010065833333333333,2.8222723042959485e-05,3e-06,1.7407765595569785e-07,0.29756299999999997,0.002804941516162308,5.592251916666666,0.15772833798109867,3.0,0.0,12
0.5,2.476,-0.6337701666666667,0.0002710441044657776,0.025175166666666665,0.0004260965503287022,0.0009945833333333332,2.9807325297888464e-05,3e-06,1.7407765595569785e-07,0.29462958333333333,0.0029484594191439032,5.50821375,0.16133557763476822,3.0,0.0,12
0.5,2.504,-0.6258795833333334,0.0003160014494197038,0.023111499999999997,0.00045834050958569304,0.0008511666666666667,3.1158157969957206e-05,2.1666666666666665e-06,1.666666666666667e-07,0.28425908333333333,0.0027636582158829205,4.6397916666666665,0.15613868443476847,3.0,0.0,12
0.5,2.532,-0.6178276666666667,0.00023239537669908971,0.022579666666666665,0.00043551034732399016,0.0008058333333333333,3.1692373935326545e-05,2.083333333333333e-06,1.9299604852813632e-07,0.2798805833333333,0.0020492656573068264,4.376924166666667,0.17070837489458152,3.0,0.0,12
0.5,2.56,-0.6102879166666667,0.00031129332991163596,0.021727,0.0003545506973194342,0.000755,2.5277250521751654e-05,1.6666666666666665e-06,1.8802535827258877e-07,0.2727333333333333,0.0024949518162995787,4.0158485,0.12682013381297513,3.0,0.0,12
0.5,2.588,-0.6028278333333333,0.0002797347995527376,0.020672,0.00034348360200813784,0.0006701666666666667,2.1129411260184708e-05,1.1666666666666666e-06,1.1236664374387367e-07,0.2600244166666667,0.0023436788856551266,3.542472,0.11455200546754463,3.0,0.0,12
0.5,2.616,-0.5955325,0.0002331324405750602,0.020315166666666665,0.00025643413807782526,0.0006505833333333333,1.717973539030238e-05,1.1666666666666666e-06,1.1236664374387367e-07,0.25639508333333333,0.0026766249736129804,3.4105741666666667,0.08733898475019301,3.0,0.0,12
0.5,2.644,-0.5886601666666667,0.000277226027281021,0.019893583333333333,0.000267157723767603,0.0006215833333333334,1.6583790156643807e-05,1.0833333333333333e-06,8.333333333333333e-08,0.24785758333333333,0.0022925681856233466,3.2222198333333334,0.08786043972712024,3.0,0.0,12
0.5,2.672,-0.5818108333333333,0.0002585426766639626,0.019142833333333335,0.000255409054956036,0.0005771666666666667,1.3972284976865713e-05,1e-06,6.384751070707751e-23,0.23755800000000002,0.001727405323459191,2.9694033333333336,0.07118739899562725,3.0,0.0,12
0.5,2.7,-0.574976,0.00022527104886013984,0.018894833333333333,0.00022389661552699825,0.00056425,1.4447986648035707e-05,1e-06,6.384751070707751e-23,0.23641325000000002,0.0017822198964969772,2.8622225,0.07848355129478346,3.0,0.0,12
